Active Learning,Active Listening,Complex Problem Solving,Coordination,Critical Thinking,Equipment Maintenance,Equipment Selection,Installation,Instructing,Judgment and Decision Making,Learning Strategies,Management of Financial Resources,Management of Material Resources,Management of Personnel Resources,Mathematics,Monitoring,Negotiation,Operation and Control,Operations Analysis,Operations Monitoring,Persuasion,Programming,Quality Control Analysis,Reading Comprehension,Repairing,Science,Service Orientation,Social Perceptiveness,Speaking,Systems Analysis,Systems Evaluation,Technology Design,Time Management,Troubleshooting,Writing,Automation_Probability,Cluster
3.88,3.88,3.94,2.94,4.0,1.0,1.25,1.0,3.0,3.69,3.25,1.82,1.75,2.5,4.75,3.0,2.0,1.06,2.94,1.75,2.62,3.19,1.88,4.0,1.0,3.75,2.5,2.82,3.94,3.06,3.06,1.62,3.0,1.0,3.82,0.22,2
2.5,2.88,2.62,2.75,3.0,2.88,2.12,1.75,1.88,2.88,2.0,1.75,1.88,1.88,2.0,3.12,2.0,3.75,1.75,3.75,1.88,1.0,2.62,3.0,2.88,1.0,2.5,2.75,3.0,2.12,2.0,1.38,3.0,3.0,2.75,0.79,1
2.38,3.12,2.38,2.88,3.0,1.75,2.0,1.0,2.62,3.0,2.25,1.75,1.88,2.62,2.25,3.0,2.25,2.25,1.12,2.5,2.25,1.0,2.12,2.38,1.75,1.0,2.75,2.88,3.0,1.62,1.62,1.25,2.88,2.25,2.12,0.94,3
2.12,2.88,2.5,2.25,2.62,1.12,1.12,1.0,2.12,2.75,2.0,1.25,1.5,2.25,2.0,2.75,2.0,2.25,1.25,2.25,2.12,1.0,2.25,2.75,1.0,1.0,2.25,2.75,2.88,2.0,2.0,1.0,2.88,2.0,2.12,0.64,3
3.62,4.0,4.0,3.75,4.0,1.0,1.0,1.0,3.0,4.0,3.0,2.25,2.25,3.0,3.0,3.38,3.12,2.0,2.0,2.75,3.12,1.88,2.12,4.0,1.0,3.88,3.0,3.25,4.0,3.25,3.0,2.0,3.38,1.62,3.88,0.3,2
2.75,3.0,3.0,2.75,3.25,3.38,2.38,1.88,2.38,3.12,2.38,1.38,1.38,2.62,2.0,3.0,2.0,3.88,1.88,3.88,2.12,1.0,2.88,2.75,3.12,1.38,2.38,2.75,3.0,2.12,2.12,1.62,3.0,3.25,2.12,0.54,1
2.75,2.88,2.88,2.75,3.0,2.88,3.0,1.62,2.25,3.0,2.25,1.75,1.75,2.5,2.88,3.12,2.0,3.12,3.0,3.5,2.25,1.62,3.38,2.88,2.88,1.38,2.38,2.62,3.0,2.0,2.25,1.88,3.0,3.0,2.38,0.92,1
3.25,4.0,3.12,3.12,3.25,1.75,2.12,1.0,3.12,3.12,2.88,1.88,1.88,2.62,2.25,3.75,2.25,2.12,1.88,2.75,3.0,1.75,2.62,3.25,1.62,2.38,3.25,3.75,3.75,2.75,2.75,1.88,3.0,2.12,3.25,0.02,0
2.0,3.12,2.25,3.0,2.62,1.88,1.5,1.0,2.0,2.38,2.0,1.5,1.5,1.75,1.75,3.0,1.88,2.12,1.62,2.12,2.0,1.25,2.0,2.75,1.25,1.25,3.25,3.25,3.0,2.0,1.88,1.25,2.38,2.0,2.25,0.37,3
2.12,2.75,2.12,3.0,2.75,1.0,1.25,1.0,2.12,2.12,2.12,1.62,1.88,2.12,1.88,2.75,2.12,1.62,1.12,2.0,2.12,1.0,2.0,2.62,1.0,1.0,3.12,2.88,2.75,2.0,2.0,1.0,3.0,1.88,2.12,0.69,3
3.0,3.62,3.12,3.5,3.75,2.0,1.88,1.12,3.12,3.38,3.5,1.75,2.12,3.75,3.0,3.62,2.5,2.75,1.75,2.75,2.75,1.62,2.62,3.25,2.0,1.5,2.88,3.25,3.62,3.0,2.75,1.75,3.62,2.38,3.12,0.07,0
3.38,4.12,3.38,3.88,3.88,1.0,1.0,1.0,3.0,3.5,2.88,1.88,1.75,2.62,2.0,3.0,3.25,1.0,2.75,1.62,3.75,1.38,1.38,4.0,1.0,1.5,3.12,4.0,4.12,3.12,3.25,1.75,3.88,1.0,4.0,0.18,2
3.0,3.88,3.38,3.25,3.88,2.0,1.88,1.0,3.0,3.5,2.88,1.62,1.62,2.5,2.62,3.38,2.88,2.88,2.38,3.0,3.38,1.5,2.5,3.62,2.0,2.75,3.12,3.38,3.75,3.12,3.0,1.75,3.0,2.25,3.12,0.08,0
3.38,4.0,3.5,4.0,3.88,1.0,1.38,1.0,3.88,3.12,3.38,1.88,2.0,2.75,2.0,3.38,3.12,1.75,2.75,1.75,3.38,1.5,1.88,3.88,1.0,2.0,4.12,4.0,4.0,3.0,3.0,1.88,3.25,1.5,3.88,0.0,2
3.62,3.5,3.0,2.62,3.88,1.0,1.0,1.0,2.12,3.12,2.38,2.0,1.75,2.0,3.38,3.0,2.38,1.25,2.5,1.75,2.38,1.62,1.62,3.62,1.0,1.38,3.0,3.0,3.62,2.75,2.75,1.0,3.0,1.0,3.12,0.98,3
2.12,3.12,2.75,3.12,2.75,2.5,2.62,1.88,2.12,2.38,2.12,1.5,1.62,2.0,2.0,2.62,2.0,3.12,1.62,3.0,2.0,1.0,2.12,2.75,2.25,1.5,2.12,2.62,3.25,1.88,2.0,1.5,2.5,2.25,2.25,0.88,1
2.75,3.0,2.88,2.62,3.0,2.0,1.62,1.12,2.5,2.62,2.38,1.88,1.88,2.12,2.38,2.88,2.38,2.88,1.5,2.88,2.5,1.88,2.38,3.0,2.0,1.12,3.0,2.75,3.0,2.0,2.0,1.5,3.0,2.5,2.62,0.85,1
3.12,3.44,3.5,3.0,3.75,3.5,3.12,3.12,2.88,3.25,2.94,1.75,1.88,2.62,2.94,3.44,2.19,3.44,2.25,3.88,2.25,2.69,3.62,3.56,3.88,2.75,2.56,2.88,3.18,3.12,3.12,2.44,3.06,3.94,3.18,0.81,0
2.75,3.0,3.12,2.5,3.0,2.62,2.75,1.12,2.12,2.88,2.12,2.38,2.25,2.12,3.0,3.12,1.75,3.12,2.88,3.12,1.88,1.62,3.0,3.12,2.25,1.75,2.12,2.88,2.88,2.25,2.25,1.88,2.88,2.38,2.62,0.91,1
2.38,3.12,3.12,2.5,3.38,3.88,3.12,1.62,1.88,3.12,2.0,1.75,2.0,1.88,2.25,2.88,1.88,3.62,1.5,3.5,2.0,1.62,3.12,2.75,4.0,2.0,2.62,2.62,3.0,2.25,2.25,1.88,2.75,3.75,2.5,0.66,1
2.75,3.75,2.88,2.88,3.38,1.0,1.0,1.0,2.25,3.25,2.62,1.38,1.5,2.25,2.75,2.88,2.62,1.12,1.25,1.38,2.75,1.38,1.5,3.75,1.0,1.25,3.0,3.12,3.5,2.12,2.12,1.25,3.0,1.0,4.0,0.86,3
3.62,3.75,3.5,3.0,4.0,1.12,1.0,1.0,3.12,3.62,3.12,1.62,1.75,2.5,3.0,3.0,2.75,1.12,2.5,1.62,2.62,1.88,1.38,4.12,1.0,3.38,3.0,3.0,4.0,3.38,3.12,1.75,3.0,1.0,4.12,0.25,2
2.12,2.88,2.5,2.75,2.88,2.25,1.88,1.0,2.12,2.62,2.25,1.25,1.38,2.25,2.0,2.88,2.0,3.25,1.38,3.12,2.0,1.12,2.5,2.75,1.75,1.5,2.12,2.75,2.88,2.0,2.0,1.0,2.88,2.25,2.25,0.81,1
2.62,3.0,2.25,2.75,2.75,2.0,2.0,1.0,2.12,2.38,2.12,1.38,1.5,2.12,1.38,2.75,2.0,2.0,1.12,2.25,2.12,1.25,2.0,2.5,2.0,1.0,2.5,2.62,3.0,2.0,1.88,1.25,2.75,2.12,2.38,0.66,1
3.0,3.12,3.25,3.12,3.5,2.38,2.75,2.5,2.88,3.0,2.75,1.88,2.0,2.88,2.0,3.75,2.5,3.0,2.12,3.5,2.62,2.0,2.88,3.5,2.25,1.0,3.12,3.0,3.12,3.0,2.88,2.0,3.0,2.75,3.12,0.55,0
3.0,3.0,3.12,2.88,3.0,3.12,3.0,1.88,2.5,3.0,2.0,1.75,1.88,1.88,2.0,2.88,2.5,3.12,1.62,3.12,2.5,1.5,3.12,3.0,4.0,1.62,3.0,2.75,3.0,2.88,2.88,1.62,2.88,3.62,2.62,0.59,1
2.12,2.75,2.75,2.5,2.75,2.0,1.5,1.0,2.0,2.75,2.12,1.75,1.75,1.75,2.0,3.12,1.75,2.62,1.62,2.75,1.75,1.0,2.75,2.62,1.88,1.0,1.75,2.38,2.12,1.88,1.88,1.0,2.75,2.12,2.0,0.89,1
2.25,3.0,2.88,2.75,2.88,3.12,2.75,1.12,2.25,2.88,2.25,1.75,1.88,2.25,2.38,3.0,2.25,4.0,1.5,3.75,2.38,1.0,3.0,2.5,2.88,1.5,2.25,2.75,2.75,2.38,2.25,1.25,2.88,3.0,2.75,0.79,1
2.25,2.88,2.38,2.75,2.75,1.0,1.0,1.0,1.88,2.75,1.88,1.38,1.5,1.62,1.62,2.88,2.12,1.0,1.25,1.62,2.12,1.0,1.25,2.25,1.0,1.0,2.75,3.0,3.12,1.88,1.75,1.0,2.0,1.38,2.0,0.49,3
4.0,4.12,3.62,3.12,4.0,1.0,1.0,1.0,3.62,3.62,3.88,1.62,1.75,2.88,2.88,3.5,2.75,1.0,2.38,1.38,2.88,1.75,1.12,4.0,1.0,3.12,3.0,3.88,4.12,3.12,3.12,1.62,3.0,1.0,4.0,0.06,2
3.12,4.0,2.88,3.38,3.25,1.0,1.12,1.0,2.88,3.12,2.88,1.88,2.0,2.38,2.75,3.12,3.0,1.25,1.5,1.75,2.88,1.88,2.12,4.0,1.12,1.38,3.75,3.25,3.88,2.75,2.62,1.75,3.25,1.0,3.75,0.86,2
2.88,3.5,2.88,3.0,3.25,1.62,1.62,1.0,2.88,2.88,2.12,2.0,2.25,2.12,2.75,3.12,2.12,2.0,1.88,2.12,2.12,1.25,2.12,3.12,1.62,2.62,3.12,3.0,3.0,2.0,2.12,1.75,3.0,2.0,3.12,0.86,3
3.75,4.0,4.0,3.88,4.0,1.0,2.0,1.0,3.25,3.75,3.25,2.0,2.25,3.12,2.12,4.0,3.0,2.25,3.0,2.5,3.25,1.38,2.38,3.88,1.0,3.38,3.38,3.88,4.0,3.0,2.75,2.0,3.75,2.0,3.38,0.02,2
3.12,3.88,3.12,3.0,3.75,2.5,2.0,1.0,3.0,3.25,2.88,1.75,1.88,2.5,2.62,3.75,2.62,3.12,1.62,3.75,2.75,1.62,2.75,3.62,2.25,3.0,3.25,3.62,3.75,2.38,2.25,1.75,3.0,2.5,3.12,0.23,0
2.12,2.88,2.12,2.88,2.75,1.5,1.62,1.0,2.12,2.5,2.0,1.5,1.62,2.12,1.88,2.88,2.0,1.5,1.62,2.12,2.0,1.0,2.12,2.75,1.38,1.0,2.38,2.88,2.75,2.0,2.0,1.5,2.62,2.0,2.25,0.92,3
2.75,4.0,2.88,3.0,3.0,1.0,1.0,1.0,2.12,2.75,2.25,1.25,1.0,2.12,2.12,3.0,2.12,1.0,1.25,2.0,2.38,1.38,2.0,4.0,1.0,1.0,3.0,3.0,3.75,2.0,2.0,1.38,3.25,1.25,3.88,0.98,3
3.12,4.12,3.38,3.38,4.12,1.0,1.0,1.0,3.25,3.38,3.12,2.12,2.12,3.12,3.0,3.25,3.0,2.25,2.12,2.12,3.25,1.88,2.5,4.12,1.0,3.75,3.25,3.88,4.0,3.0,3.0,1.88,3.25,2.0,4.0,0.14,2
3.44,3.92,3.6,3.68,3.94,1.21,1.33,1.0,3.25,3.69,3.04,2.56,2.48,3.21,2.81,3.77,3.27,1.81,2.33,2.42,3.39,1.75,2.33,3.98,1.19,1.92,3.02,3.48,3.94,3.36,3.37,1.77,3.44,1.75,3.9,0.25,2
2.38,2.88,2.62,2.25,2.88,2.0,2.0,1.0,2.12,2.62,2.0,1.75,1.75,2.0,2.0,3.0,2.0,2.62,1.62,3.0,2.0,1.0,2.38,2.25,2.0,1.25,2.0,2.25,2.62,2.0,1.88,1.38,2.88,2.12,2.0,0.67,1
3.82,4.44,4.06,3.38,4.25,1.0,1.0,1.0,3.38,4.18,3.5,1.88,1.82,2.82,2.81,3.62,3.0,1.06,1.69,1.94,3.32,1.82,1.82,4.31,1.0,3.12,3.68,4.12,4.12,3.18,3.0,1.68,3.25,1.38,4.13,0.0,2
3.12,3.38,3.0,2.75,3.62,1.12,1.0,1.0,2.25,3.0,2.5,1.88,2.0,2.12,2.88,2.88,2.88,1.25,1.5,1.88,2.88,1.62,2.12,3.88,1.12,1.38,2.88,2.88,3.38,2.5,2.5,1.25,3.0,1.62,3.5,0.9,3
2.25,3.0,2.75,2.75,3.0,2.38,2.12,2.0,2.25,2.62,2.12,1.75,2.12,2.38,2.0,2.88,2.25,2.75,1.0,2.88,2.25,1.0,2.88,2.5,2.88,1.0,3.0,2.75,3.0,2.0,2.0,1.38,3.0,2.88,2.25,0.7,1
2.75,3.0,3.0,3.0,3.25,3.25,3.0,1.88,2.75,2.88,2.25,1.75,1.88,2.38,2.25,3.12,2.25,3.88,1.88,4.0,2.38,1.0,3.0,2.75,2.88,1.62,2.38,2.62,3.0,2.25,2.12,1.88,2.88,3.0,2.38,0.85,1
3.12,3.88,3.12,3.75,3.75,2.25,2.25,1.38,3.25,3.25,3.12,2.25,2.88,3.88,2.88,4.0,2.88,3.0,2.12,3.0,3.12,1.62,3.12,3.12,2.12,1.62,3.12,3.25,3.75,2.88,2.88,1.88,4.0,2.25,3.0,0.57,0
3.88,4.38,3.75,3.12,4.0,1.0,1.0,1.0,2.88,3.62,2.88,1.38,1.25,2.0,2.12,2.88,4.62,1.12,1.5,1.38,3.75,1.62,1.0,4.12,1.0,1.25,3.0,3.75,4.12,2.62,2.5,1.25,2.88,1.0,4.25,0.06,2
3.25,4.12,3.75,3.25,4.0,1.0,1.0,1.0,3.0,4.12,3.0,2.5,2.25,3.0,3.0,3.0,3.38,1.38,3.12,1.75,3.12,1.75,1.62,4.0,1.0,2.62,3.25,3.62,4.12,4.0,3.75,1.62,3.25,1.0,3.88,0.13,2
2.38,3.0,2.0,2.75,2.62,1.0,1.0,1.0,2.12,2.38,2.0,1.62,1.5,2.0,2.0,2.62,2.12,1.75,1.25,2.12,2.25,1.0,1.75,2.62,1.0,1.0,3.0,2.75,2.75,2.0,2.0,1.25,2.5,1.0,2.0,0.81,3
2.75,3.5,3.12,2.88,3.5,1.12,1.12,1.0,2.5,3.0,2.38,1.62,1.62,2.0,2.62,2.88,2.62,1.88,1.75,1.88,2.75,1.62,2.12,3.62,1.12,1.12,2.75,2.75,3.38,2.5,2.5,1.38,2.75,1.62,3.38,0.9,3
3.12,3.12,3.12,3.0,3.62,4.0,3.12,2.62,2.62,3.12,2.62,1.62,1.75,2.62,2.38,3.12,1.88,4.0,1.88,4.0,2.12,1.75,3.75,2.88,4.0,1.75,2.25,2.75,3.0,2.88,2.88,2.0,3.0,4.0,2.75,0.67,1
3.0,3.75,3.0,3.88,3.12,1.38,1.25,1.0,3.75,3.0,3.12,2.88,3.0,4.0,3.0,3.88,3.12,2.0,1.75,2.38,3.0,1.25,2.88,3.25,1.38,1.0,3.62,3.12,3.88,3.0,3.0,1.5,3.12,2.0,3.0,0.63,2
2.38,3.12,2.88,2.88,3.25,1.75,2.0,1.0,2.0,3.12,2.0,1.75,1.88,2.12,2.62,3.0,2.12,2.88,2.0,3.0,2.25,1.5,3.75,3.12,1.62,1.62,2.38,2.88,3.12,2.12,2.12,1.62,3.0,2.25,3.25,0.98,1
3.0,3.75,3.12,3.25,3.5,2.75,2.62,1.0,3.0,2.88,2.88,2.0,2.12,2.88,2.75,3.25,2.62,3.12,2.62,3.38,2.62,1.75,2.88,3.75,2.25,2.75,3.25,3.38,3.25,2.62,2.62,1.88,3.12,2.88,3.12,0.34,0
2.88,3.62,3.0,2.88,3.62,3.38,3.38,2.5,2.75,2.88,2.75,1.88,2.0,2.5,2.12,2.88,2.88,2.62,1.62,2.75,2.88,1.12,3.25,3.0,3.88,1.25,3.38,3.25,3.38,2.5,2.38,1.88,2.75,3.62,2.88,0.94,1
2.62,3.0,2.75,3.0,2.75,2.25,2.12,1.0,2.12,2.62,2.12,1.38,1.62,1.88,2.0,2.88,2.0,3.12,1.38,2.88,2.12,1.0,2.62,2.62,2.12,1.12,2.5,2.38,2.75,2.0,2.0,1.38,2.88,2.12,2.12,0.87,1
3.5,3.88,4.12,3.5,4.0,1.0,2.25,1.0,3.12,4.0,3.12,2.88,3.0,3.0,3.75,3.75,2.88,2.0,3.12,3.0,2.88,2.62,2.88,4.0,1.0,3.5,2.62,2.88,4.0,3.75,3.75,2.5,3.38,1.88,4.0,0.14,2
2.75,3.75,2.75,3.0,3.12,1.62,1.62,1.0,2.5,2.88,2.12,2.0,2.12,2.38,2.25,3.0,2.88,2.0,1.0,2.38,2.88,1.38,1.62,3.25,1.62,1.0,3.38,3.12,3.38,2.0,2.0,1.62,3.0,1.62,3.0,0.97,3
2.88,3.25,3.12,2.88,3.38,2.75,2.25,3.38,2.62,3.12,2.38,1.75,1.88,2.12,2.12,3.0,2.0,2.88,1.88,3.12,2.12,1.75,3.12,3.12,3.0,1.75,2.88,2.88,3.38,2.62,2.62,1.88,3.0,3.0,2.88,0.82,1
2.62,3.12,2.5,3.0,2.75,1.0,1.0,1.0,1.62,2.38,1.62,1.0,1.0,2.38,1.88,2.75,2.88,1.62,1.25,2.0,2.88,1.38,2.0,2.75,1.0,1.0,3.25,3.38,3.25,2.0,2.0,1.0,2.5,1.88,2.25,0.96,3
3.0,3.0,3.0,2.75,3.25,2.25,2.38,1.0,2.75,3.12,2.88,1.88,1.88,2.38,2.0,3.0,2.38,2.75,1.75,3.12,2.38,1.25,2.88,3.38,2.25,2.12,2.38,2.88,3.0,2.25,2.0,1.88,3.25,2.25,2.88,0.97,1
3.0,3.0,3.0,3.0,3.0,3.0,3.0,1.5,2.5,3.0,2.38,1.75,1.88,2.88,2.25,3.12,2.38,4.12,2.0,3.62,3.0,1.0,2.75,3.0,3.0,1.0,2.5,3.0,3.0,2.25,2.25,1.88,3.0,3.0,2.5,0.94,1
2.38,3.12,3.0,3.0,3.0,2.0,2.12,1.5,2.62,2.75,2.12,1.5,2.0,2.25,3.0,2.75,2.38,2.25,1.75,2.5,2.25,1.0,2.62,2.88,2.0,1.12,2.62,2.5,3.0,2.12,2.0,1.62,3.0,2.0,2.0,0.75,1
3.37,3.94,3.69,3.75,4.0,2.06,2.12,1.06,3.32,3.81,3.19,3.06,3.0,3.62,2.62,3.88,3.19,2.12,2.06,2.56,3.25,1.62,2.69,3.94,2.0,1.44,3.19,3.81,3.94,3.12,3.19,1.62,3.44,2.31,3.5,0.73,2
2.25,3.25,2.5,2.75,2.88,1.5,1.25,1.0,2.38,2.75,2.12,1.62,1.75,2.12,2.75,2.75,2.38,2.62,1.25,2.25,2.25,1.0,1.62,2.5,1.25,1.0,3.38,3.0,3.5,1.88,2.0,1.0,2.38,1.62,2.75,0.87,3
3.66,3.97,3.84,3.22,3.94,1.0,1.1,1.03,3.03,3.5,3.06,2.18,2.18,2.94,3.22,3.4,2.94,1.53,2.5,2.22,3.03,2.03,2.06,4.06,1.0,3.44,2.97,3.18,3.94,3.47,3.38,1.91,3.16,1.4,3.94,0.03,2
3.38,3.88,3.12,3.25,3.5,2.62,2.25,1.0,3.0,3.12,3.0,1.75,1.88,2.75,2.12,3.5,2.5,3.12,2.0,3.12,3.0,1.25,2.75,3.75,2.12,3.25,3.12,3.75,3.75,2.38,2.12,2.0,3.38,2.25,3.25,0.35,0
2.75,2.88,3.0,2.88,3.0,2.0,2.75,1.62,2.38,3.0,2.12,1.5,1.5,1.88,3.12,3.0,1.88,2.88,2.25,3.0,2.12,1.12,3.0,3.0,2.0,1.25,2.0,2.75,2.88,2.12,2.12,1.62,2.75,2.12,2.5,0.84,1
2.0,2.75,2.0,2.5,2.5,1.88,1.62,1.0,2.0,2.5,2.0,1.75,1.88,1.88,2.12,3.0,1.88,2.62,1.25,3.38,2.0,1.0,2.75,2.75,1.75,1.25,2.0,2.5,2.75,1.62,2.0,1.0,2.5,2.75,2.38,0.93,1
3.88,3.25,4.0,3.0,4.12,1.0,1.88,1.0,3.0,3.88,2.88,2.38,2.5,2.75,3.75,3.12,2.88,2.0,3.62,3.0,2.88,2.25,3.0,4.0,1.0,4.12,2.75,3.0,3.5,3.88,3.88,2.88,3.0,2.88,3.12,0.02,0
3.62,3.88,3.62,3.25,4.0,1.88,1.5,1.0,3.0,3.88,3.12,1.62,1.88,2.88,2.75,4.12,2.12,4.75,1.62,4.38,2.88,1.5,2.62,3.75,1.88,2.62,2.88,3.0,3.75,3.12,3.0,1.5,3.0,3.12,3.0,0.55,0
2.38,3.0,2.62,2.5,3.0,2.62,2.25,1.0,2.25,2.88,2.25,1.88,1.88,2.12,2.0,3.12,2.0,3.0,1.88,3.12,2.12,1.62,3.0,3.12,2.12,1.12,2.25,2.75,3.0,2.0,2.0,2.12,2.75,2.62,2.25,0.98,1
2.25,3.0,2.19,2.81,2.62,2.13,2.0,1.0,2.18,2.5,2.06,1.38,1.82,2.18,1.94,2.94,1.94,2.94,1.18,2.87,2.0,1.0,2.38,2.68,2.06,1.06,2.25,2.5,2.75,1.94,1.94,1.38,2.62,2.25,2.32,0.85,1
1.88,2.62,1.88,2.75,2.5,2.0,1.5,1.0,2.0,2.25,2.0,1.5,1.5,1.88,1.5,2.5,1.88,2.88,1.0,2.5,1.88,1.0,2.38,2.0,1.88,1.0,2.12,2.5,2.5,1.88,1.88,1.0,2.62,2.0,1.75,0.77,1
3.0,3.38,3.38,3.12,3.25,2.88,2.75,1.62,2.75,3.12,2.75,1.75,1.88,2.75,2.38,3.62,1.88,3.75,1.38,3.62,2.38,1.25,3.12,3.12,2.88,1.5,2.62,2.62,3.5,2.75,2.75,1.25,3.12,3.12,2.88,0.91,1
3.75,4.0,3.25,3.12,3.88,1.25,1.62,1.0,3.62,3.88,3.12,1.88,1.88,2.88,2.12,3.88,2.75,2.0,2.12,2.75,3.0,1.25,2.75,3.75,1.0,2.38,3.62,3.75,3.88,2.88,2.88,1.88,3.25,2.0,3.5,0.01,2
3.0,3.25,2.75,3.0,3.5,2.75,2.0,2.12,2.12,3.0,2.75,1.75,2.62,2.0,2.25,3.38,1.75,2.88,1.38,3.25,2.0,1.62,3.38,3.12,2.38,1.88,2.75,2.75,3.12,2.5,2.12,1.5,3.0,3.12,2.88,0.78,1
3.88,4.0,4.12,3.12,4.0,1.0,1.0,1.0,3.0,3.88,3.0,1.88,1.88,2.62,4.5,2.88,2.12,1.12,3.75,1.88,2.88,2.62,1.88,4.0,1.0,3.25,2.75,2.88,4.0,3.88,3.88,1.75,3.12,1.25,4.0,0.04,2
4.0,5.0,4.12,3.0,4.88,1.0,1.0,1.0,3.0,4.25,2.75,1.62,1.62,2.88,2.12,3.88,3.25,1.0,2.38,1.25,3.0,1.25,1.0,4.25,1.0,1.75,3.0,4.0,4.12,3.0,2.88,1.75,3.38,1.0,4.12,0.4,2
3.75,3.88,3.12,3.0,3.88,2.38,2.5,1.0,2.88,3.25,3.0,2.12,2.38,3.0,3.0,3.38,2.88,2.88,2.75,3.0,2.88,2.12,3.12,3.88,2.38,3.38,2.75,3.0,3.38,3.0,2.88,2.0,3.12,2.75,3.12,0.25,0
3.38,4.0,3.75,3.75,4.12,1.38,1.88,1.0,3.12,3.88,3.25,3.0,2.75,3.62,3.12,3.88,3.0,2.0,3.12,2.88,3.12,2.75,2.75,4.0,1.5,1.75,2.88,3.62,3.88,3.62,3.62,2.5,3.38,2.5,3.75,0.04,2
3.75,4.0,3.12,3.88,4.0,1.0,1.5,1.0,4.25,3.75,4.25,1.12,1.75,2.62,2.75,4.0,3.0,1.12,2.12,1.88,3.12,1.75,1.75,3.88,1.0,2.0,3.88,4.0,4.12,3.0,3.0,1.88,3.75,1.0,3.88,0.0,2
2.75,3.0,2.88,2.75,3.0,2.75,2.5,1.12,2.12,3.0,2.0,2.12,2.25,2.5,2.5,3.0,2.25,3.25,1.62,3.12,2.25,1.75,2.75,3.12,2.62,1.0,2.75,2.88,3.0,2.62,2.12,1.75,3.0,2.75,2.88,0.92,1
2.62,2.88,2.62,3.0,3.0,2.88,2.5,1.62,2.0,2.88,2.25,1.5,1.5,1.88,2.0,3.25,1.88,3.38,1.5,3.62,1.88,1.0,2.75,2.5,3.0,1.12,2.0,2.5,2.88,2.12,2.12,1.62,2.75,3.0,1.88,0.83,1
3.06,3.38,3.32,2.94,3.5,2.12,2.0,1.31,2.62,3.19,2.75,1.69,1.93,2.25,3.25,3.56,2.44,2.56,2.0,3.0,2.38,2.25,3.44,3.62,1.88,2.68,2.62,2.94,3.31,3.19,2.88,1.75,2.94,2.69,3.25,0.61,0
3.88,4.0,4.0,3.75,4.12,1.5,2.38,1.25,3.25,4.12,3.12,3.0,3.0,3.5,2.75,4.0,3.12,2.88,2.38,2.75,3.75,1.62,2.75,4.0,1.38,3.75,3.88,3.88,4.0,2.88,2.75,2.0,3.88,2.0,3.25,0.0,2
2.75,3.0,3.25,3.12,3.5,2.0,2.25,1.0,2.62,3.25,2.62,1.62,2.25,2.88,3.0,3.0,2.62,2.88,1.75,3.12,2.62,1.0,2.75,3.0,2.25,1.62,2.62,2.62,3.0,2.62,2.25,1.88,3.25,2.25,2.62,0.89,1
2.5,3.12,3.0,3.0,3.12,2.12,2.12,1.62,2.62,3.0,2.5,1.25,1.38,2.12,1.5,3.5,2.25,3.12,1.88,3.62,2.5,1.25,3.12,3.12,2.12,1.75,2.62,3.0,3.0,2.25,2.0,1.5,2.88,2.25,2.88,0.91,1
3.12,3.88,3.0,2.88,3.75,1.0,1.88,1.0,2.75,3.12,2.88,1.88,1.88,2.38,2.12,3.0,2.62,2.25,2.12,2.0,2.88,2.12,1.75,3.75,1.0,1.12,2.75,2.88,3.25,2.88,2.75,1.88,3.0,1.12,3.12,0.02,3
2.88,3.0,3.0,2.75,3.0,2.88,2.75,1.0,2.62,2.75,2.25,1.75,2.0,2.62,2.5,3.62,2.12,3.75,1.75,3.88,2.25,1.0,3.0,3.0,2.75,2.0,2.12,2.88,3.0,2.38,2.62,1.25,2.88,2.88,2.75,0.88,1
3.38,4.0,3.62,3.88,3.88,1.62,1.75,1.0,3.0,3.62,2.38,3.0,2.88,3.25,2.5,3.5,3.38,2.0,2.75,2.0,3.5,1.38,2.25,4.0,1.75,1.25,3.88,3.88,4.0,3.25,3.12,1.75,3.75,1.75,3.5,0.04,2
2.5,2.88,2.75,2.12,3.0,3.0,2.88,1.88,1.88,2.88,2.25,1.62,1.75,1.88,2.38,3.12,1.88,3.5,1.88,3.62,1.88,1.75,3.25,2.75,2.88,1.5,1.88,2.25,3.0,1.75,2.0,1.88,2.75,3.0,1.88,0.97,1
2.62,2.88,2.88,3.0,3.0,3.0,2.62,1.5,2.12,2.75,2.12,1.62,1.88,2.25,2.62,3.25,2.0,3.62,1.62,3.75,2.0,1.88,3.5,3.12,2.75,1.5,2.0,2.75,2.62,2.62,2.25,1.75,2.75,3.0,2.38,0.86,1
3.25,4.0,3.88,3.12,3.88,1.88,1.88,1.0,3.0,3.88,2.88,2.25,2.0,3.0,3.75,3.25,2.75,2.62,3.0,3.12,2.88,2.0,2.5,4.0,1.88,3.38,2.75,3.12,4.0,3.75,3.88,2.75,3.0,2.12,4.0,0.49,0
3.0,3.0,3.5,2.88,3.62,3.12,2.75,1.5,2.75,3.12,2.5,1.75,1.88,2.75,2.38,3.5,2.38,3.75,1.88,3.88,2.5,1.75,3.12,3.0,3.12,1.75,2.38,2.75,3.12,2.38,2.25,1.62,3.0,3.12,2.88,0.93,1
2.75,3.12,2.75,2.88,2.88,1.0,1.62,1.0,2.38,2.88,2.12,1.12,1.25,2.38,2.12,2.88,2.5,2.38,1.88,2.25,2.38,1.0,2.0,2.38,1.0,1.25,2.38,2.88,3.12,1.75,1.75,1.25,2.88,1.62,2.38,0.79,3
2.88,3.0,3.0,2.88,3.0,3.12,2.38,2.12,2.75,3.12,2.38,2.0,2.0,2.12,2.25,3.12,2.25,3.12,2.0,4.0,2.38,1.88,3.38,3.0,3.0,1.25,2.38,3.0,3.0,2.38,2.25,1.88,2.88,3.0,2.75,0.91,1
3.12,4.0,3.25,3.0,3.88,1.0,1.0,1.0,3.0,3.25,3.0,2.0,2.0,2.62,2.75,3.25,3.12,2.62,2.12,2.88,3.12,1.88,2.88,3.88,1.12,2.75,3.0,3.12,3.88,3.12,3.0,1.88,3.0,2.0,3.75,0.25,0
2.88,3.0,2.88,3.12,3.12,2.0,2.62,1.12,2.25,2.88,2.12,1.88,2.0,2.25,2.88,3.0,2.25,2.62,2.12,3.0,2.5,1.0,3.0,2.75,2.0,1.75,2.25,2.75,3.0,2.12,2.0,1.62,3.0,2.0,2.25,0.82,1
3.75,4.0,3.88,3.0,3.88,2.12,2.75,2.25,3.12,3.88,3.25,2.12,2.25,3.0,3.88,3.75,2.88,2.0,3.75,2.88,2.75,3.12,3.12,4.0,2.5,3.88,2.88,3.0,4.0,3.62,3.5,3.38,3.12,2.88,4.0,0.04,0
3.5,3.75,4.12,3.38,4.12,2.62,2.25,1.62,2.88,3.75,2.88,2.5,2.62,3.0,3.62,3.38,2.62,3.0,3.0,3.5,2.75,2.25,3.38,3.88,2.5,3.5,2.88,3.0,3.75,3.38,3.38,2.5,3.5,2.88,3.75,0.01,0
2.25,4.0,2.62,2.5,3.0,1.0,1.0,1.0,2.0,2.25,2.0,1.38,1.38,2.0,1.88,2.75,1.88,1.25,1.12,1.75,2.0,1.38,1.12,3.0,1.0,1.0,3.5,3.12,4.0,2.0,1.88,1.25,2.5,1.0,2.25,0.97,3
2.88,3.0,2.88,2.88,3.0,2.62,2.75,2.0,2.25,2.88,2.25,1.88,1.88,2.12,2.12,3.0,2.25,2.88,2.0,3.0,2.62,1.75,3.0,2.88,3.25,1.25,2.88,2.88,3.0,2.12,2.12,1.88,3.0,3.12,2.38,0.91,1
2.88,3.5,2.75,3.0,3.0,1.5,1.38,1.0,2.0,3.0,2.5,1.75,2.0,1.88,2.5,2.75,1.88,1.75,1.5,1.88,2.25,1.5,2.0,3.25,1.12,1.5,3.38,3.25,3.38,2.12,1.88,1.62,2.62,1.75,2.75,0.72,3
2.5,3.0,2.75,3.0,2.88,3.0,2.5,1.75,2.25,2.88,2.0,1.75,1.88,2.38,2.12,3.12,1.88,3.38,1.75,3.75,1.88,1.75,3.12,2.75,3.0,1.0,1.88,2.5,3.0,2.38,2.12,1.75,2.88,3.0,2.62,0.95,1
3.75,4.0,4.0,3.62,4.0,1.0,1.12,1.0,2.88,3.88,3.0,2.12,2.38,2.75,3.38,3.12,3.0,1.62,3.25,1.88,3.0,2.25,1.5,4.0,1.0,2.38,3.0,3.0,4.0,3.5,3.75,1.62,3.25,1.0,4.0,0.04,2
3.12,4.0,3.5,4.0,3.62,2.25,1.62,1.0,3.12,3.62,3.12,1.75,2.5,4.0,2.75,3.5,3.12,2.25,2.5,2.5,3.0,1.25,2.38,3.62,2.25,1.25,3.0,3.62,3.88,2.88,2.88,1.38,4.0,2.25,3.38,0.03,2
3.12,4.0,3.62,3.75,4.0,1.0,1.0,1.0,3.0,3.5,2.62,2.75,2.75,2.88,3.0,3.12,3.12,1.75,3.12,2.0,3.5,1.88,2.0,4.0,1.0,1.12,3.75,3.75,4.0,3.0,2.62,1.88,3.38,1.88,3.62,0.02,2
2.75,3.0,3.0,3.0,3.12,2.88,2.62,2.5,2.5,2.75,2.12,1.62,1.75,2.0,2.88,3.12,2.38,3.25,2.0,3.12,2.25,1.75,3.0,2.88,2.88,1.5,2.25,2.88,3.0,2.5,2.5,1.88,2.88,3.0,2.5,0.65,1
2.5,2.88,3.0,2.88,3.25,2.88,2.5,1.88,2.88,3.12,2.5,1.62,1.62,2.5,2.12,3.12,2.12,2.88,1.25,3.38,2.12,1.62,3.0,3.12,2.88,1.12,2.62,2.62,3.0,2.5,2.38,1.62,2.88,2.62,2.75,0.95,1
3.56,3.75,3.06,3.06,3.68,1.0,1.0,1.0,2.5,3.25,2.75,1.37,1.31,2.25,1.5,2.88,2.63,1.0,1.56,1.12,3.06,1.68,1.5,4.19,1.0,1.12,2.81,3.25,3.88,2.12,2.19,1.68,3.18,1.0,4.75,0.04,3
2.12,2.0,2.25,2.0,2.5,2.25,2.0,1.25,1.25,2.12,1.75,1.5,1.5,1.5,1.62,2.38,1.75,3.0,1.5,2.5,1.75,1.0,2.12,2.0,1.75,1.0,1.88,2.0,2.12,1.62,1.88,1.5,2.5,2.25,1.75,0.81,1
3.12,3.0,3.12,3.0,3.25,3.88,3.0,3.0,2.38,3.0,2.25,2.12,2.25,2.38,2.38,3.12,2.38,3.12,2.12,3.12,2.25,1.38,3.12,3.0,3.88,1.88,2.38,2.75,3.0,2.5,2.25,2.12,3.0,3.75,2.88,0.64,1
3.5,3.88,3.62,3.12,3.75,1.0,1.12,1.12,3.0,3.5,3.25,2.88,3.0,3.0,2.88,3.38,3.0,1.38,2.38,1.75,3.0,1.75,2.38,4.0,1.0,2.0,2.88,3.25,4.0,3.38,3.25,1.75,3.12,1.5,3.88,0.01,2
2.62,3.0,2.62,3.25,2.88,2.75,2.62,1.75,2.38,2.75,2.25,1.62,2.0,2.25,2.25,3.0,2.12,2.0,1.0,2.38,2.0,1.38,2.88,2.38,2.25,1.0,2.62,2.62,2.88,2.25,2.12,1.62,2.62,2.38,2.25,0.72,1
3.25,3.75,2.75,3.0,3.62,1.0,1.0,1.0,2.5,3.12,2.5,1.38,1.62,2.12,1.62,3.0,2.62,1.0,2.5,1.5,2.88,1.38,2.25,4.12,1.0,1.25,2.12,2.75,3.75,2.38,1.88,1.38,3.12,1.12,4.88,0.89,3
2.75,3.0,3.0,3.0,2.88,2.62,2.62,1.0,2.25,3.0,2.25,1.75,2.0,2.12,2.0,3.5,2.12,3.75,2.0,4.0,2.25,1.25,3.0,2.88,2.88,1.25,2.12,2.62,3.0,2.0,2.0,1.5,3.0,2.88,2.62,0.88,1
3.88,4.12,3.12,3.62,3.75,1.0,1.0,1.0,3.38,3.25,4.0,2.25,2.12,3.0,2.12,3.25,3.0,1.5,3.0,1.88,3.12,1.38,1.38,3.75,1.0,2.5,3.25,3.88,4.12,3.12,3.0,1.75,3.38,1.0,4.12,0.04,2
2.0,3.0,2.75,3.0,2.88,1.0,1.5,1.12,2.0,2.75,2.0,1.25,1.5,2.12,2.0,2.75,2.0,2.38,1.38,2.38,2.12,1.0,2.25,2.38,1.0,1.25,2.38,2.62,3.0,1.62,1.62,1.25,2.88,2.0,2.0,0.87,3
3.38,4.12,3.5,3.0,3.75,1.0,1.0,1.0,3.0,3.38,2.62,2.12,1.25,2.0,3.12,3.0,2.88,1.0,2.0,1.88,3.0,1.75,1.75,3.88,1.0,1.12,3.0,3.38,4.0,2.5,2.5,1.75,3.25,1.5,3.62,0.92,2
2.62,3.0,2.75,2.75,3.12,2.38,2.25,1.62,2.12,2.62,2.12,1.5,1.62,2.0,2.62,3.12,1.75,3.38,1.88,3.88,1.88,1.5,2.88,2.88,2.38,1.38,2.0,2.62,2.88,2.12,2.0,1.62,2.62,2.75,2.62,0.98,1
3.25,4.0,4.0,3.0,4.25,1.0,1.0,1.0,2.75,4.25,2.88,2.62,2.0,2.88,4.25,3.12,2.75,1.0,3.0,2.0,2.88,2.12,1.88,4.25,1.0,2.0,3.0,3.0,3.88,3.88,4.0,1.88,3.0,1.0,3.5,0.21,2
3.68,3.94,3.75,3.88,3.75,1.06,1.06,1.06,3.37,3.75,3.19,2.88,3.38,3.32,2.88,3.88,3.68,1.44,2.31,2.44,3.56,1.68,2.25,3.94,1.0,1.06,3.18,3.5,3.81,3.68,3.69,1.94,3.81,1.75,3.75,0.59,2
3.62,3.96,3.83,3.37,4.04,1.0,1.08,1.0,2.92,3.87,2.96,3.29,2.46,3.21,3.54,3.71,3.08,1.08,2.12,1.88,3.17,1.75,1.75,4.04,1.0,1.17,3.08,3.25,3.96,3.21,3.29,1.71,3.42,1.08,3.66,0.07,2
2.88,3.88,3.0,3.0,3.0,1.0,1.0,1.0,2.38,3.0,2.75,1.62,1.62,2.38,2.12,3.0,2.38,1.75,2.0,2.12,3.5,1.12,2.12,3.25,1.0,1.0,3.25,3.0,3.88,2.12,2.25,1.88,3.0,2.0,3.0,0.51,3
2.75,3.38,3.0,3.12,2.88,1.0,1.0,1.0,2.88,3.0,2.62,1.62,1.38,3.0,2.62,3.0,2.88,1.12,1.0,2.12,2.88,1.75,2.0,3.0,1.0,1.0,3.62,3.75,3.75,2.25,2.25,1.88,3.0,1.38,2.88,0.94,3
2.75,3.0,2.75,2.88,2.75,1.5,2.12,1.75,2.5,2.75,2.62,1.88,2.25,2.62,2.0,2.88,2.25,2.75,1.88,2.88,2.25,1.0,3.0,2.75,1.62,1.12,2.88,2.75,2.88,2.12,2.12,1.75,3.0,2.12,2.12,0.84,1
3.0,3.62,3.0,2.38,3.0,1.0,1.0,1.0,2.25,3.12,2.75,1.38,1.62,1.75,2.0,3.0,2.0,1.0,1.62,1.38,2.0,1.0,1.75,3.0,1.0,1.75,3.25,3.25,3.62,2.12,2.25,1.75,2.88,1.38,3.0,0.54,3
2.75,3.0,3.12,2.38,3.62,3.0,3.0,1.5,2.38,3.12,2.38,2.0,2.25,1.88,2.0,2.88,2.12,2.88,1.88,2.88,2.38,1.25,3.88,3.0,3.75,1.62,3.12,2.88,3.0,2.75,2.88,1.88,3.0,3.75,2.75,0.91,1
3.34,3.9,3.62,3.44,3.88,1.1,1.34,1.22,2.97,3.72,2.94,2.5,2.41,2.9,2.82,3.46,3.09,1.4,2.56,2.16,3.25,2.03,2.25,3.88,1.16,1.5,3.19,3.28,3.88,3.34,3.37,1.88,3.13,1.56,3.75,0.23,2
3.0,3.75,3.25,3.25,3.88,3.25,3.0,2.5,3.12,3.25,2.88,1.62,2.0,2.75,2.12,3.12,3.0,3.38,1.88,3.75,2.88,1.0,3.5,3.25,3.25,2.5,2.75,3.0,3.62,2.88,2.62,1.75,3.38,3.25,3.0,0.18,0
2.75,3.12,3.0,2.62,3.0,2.62,2.12,1.0,2.75,2.88,2.12,1.38,1.88,2.5,2.0,3.38,2.12,4.0,2.0,4.0,2.5,1.25,2.88,2.88,2.5,1.75,2.75,2.75,3.0,2.62,2.75,1.88,2.88,2.88,2.75,0.93,1
2.62,3.0,3.0,2.62,3.0,2.38,2.38,1.38,2.38,2.88,2.12,1.25,1.38,2.0,2.38,3.0,2.0,3.12,2.38,3.38,2.0,2.12,3.12,3.0,2.12,1.5,2.0,2.62,3.0,2.12,2.12,2.0,2.88,2.25,2.25,0.9,1
3.88,4.0,4.0,3.88,4.12,1.0,1.0,1.0,3.88,4.0,3.25,3.25,3.25,4.0,2.75,4.0,3.88,1.0,3.62,2.0,3.88,2.0,2.12,4.0,1.0,2.5,3.75,4.0,4.12,3.62,3.75,2.0,4.0,1.62,4.0,0.01,2
2.88,3.25,2.75,2.38,3.0,2.75,2.25,2.0,2.25,2.75,2.25,1.5,1.5,2.25,2.25,3.12,2.12,3.12,1.88,3.38,2.12,1.38,3.0,3.12,2.88,1.12,2.12,2.88,3.0,1.62,2.12,1.38,3.0,2.88,2.62,0.95,1
2.62,2.88,3.12,3.0,3.25,2.75,2.88,1.25,3.0,2.75,2.25,1.88,1.88,2.75,1.88,3.12,2.25,3.75,1.38,3.62,2.38,1.0,2.75,2.62,2.25,1.75,2.88,2.62,3.0,2.25,2.0,1.62,2.75,2.75,2.5,0.77,1
4.0,3.88,3.88,3.0,4.0,1.0,1.0,1.0,3.12,3.75,3.25,2.0,2.0,2.75,3.25,3.25,2.75,2.25,3.0,2.75,2.88,2.12,3.0,4.0,1.0,4.0,2.88,3.0,4.0,3.5,3.5,1.75,2.88,1.75,3.88,0.02,2
3.46,3.86,3.62,3.73,3.9,2.17,1.98,1.04,3.25,3.81,3.35,3.08,3.0,3.69,3.17,3.88,3.06,2.98,2.33,3.23,3.14,1.87,3.2,3.9,2.06,2.5,3.04,3.36,3.92,3.4,3.31,1.85,3.64,2.65,3.5,0.03,2
2.75,3.12,2.88,2.88,3.12,2.25,2.38,1.0,2.75,3.0,2.5,1.88,2.12,2.62,2.0,3.12,2.25,2.75,2.12,3.0,2.5,1.12,2.88,2.75,2.38,1.12,2.88,2.75,3.0,2.12,2.12,1.5,3.0,2.5,2.38,0.87,1
2.12,3.0,2.88,2.88,2.88,2.75,2.12,1.25,2.0,2.88,2.0,1.0,1.5,1.88,1.5,2.88,2.0,3.0,1.88,3.12,2.12,1.38,2.75,3.0,2.88,1.0,2.5,2.88,3.0,2.12,2.12,1.12,2.88,2.88,2.12,0.97,1
2.62,3.12,2.38,2.62,3.12,1.88,1.38,1.0,2.0,2.75,2.12,1.75,1.75,2.12,2.0,3.0,2.12,3.88,1.0,3.62,2.5,1.0,2.12,2.75,1.62,1.0,3.12,3.0,3.0,1.88,1.88,1.75,3.12,2.0,2.5,0.67,1
2.75,3.0,3.12,3.0,3.12,3.0,2.25,2.38,2.12,3.0,2.25,1.75,1.75,2.0,2.0,3.0,2.12,3.0,1.88,3.12,2.25,1.62,2.88,2.88,2.88,1.75,2.75,2.88,3.12,2.38,2.25,1.88,2.88,3.0,2.62,0.49,1
2.38,3.12,2.38,2.5,3.12,2.12,1.5,1.0,2.12,2.38,2.12,1.25,1.38,2.12,2.25,3.12,2.12,3.12,1.5,3.88,2.12,1.25,3.0,3.12,1.75,1.88,2.12,2.25,3.12,2.0,2.0,1.38,2.38,2.12,2.62,0.37,1
3.88,4.0,3.5,3.75,3.88,1.0,1.0,1.0,3.88,3.62,3.75,2.75,2.75,3.0,2.12,3.12,3.0,1.12,2.88,2.0,3.12,1.75,2.0,3.88,1.0,1.38,3.88,4.0,4.12,3.12,2.88,1.88,3.12,1.5,3.25,0.02,2
4.0,4.12,4.25,3.75,4.25,1.0,1.12,1.0,3.25,4.25,3.5,2.12,2.0,3.12,3.75,3.62,2.88,1.0,3.0,1.5,3.12,1.62,1.5,4.25,1.0,4.12,3.25,3.88,4.12,4.0,4.0,1.38,3.25,1.0,4.12,0.2,2
2.75,3.0,2.62,3.0,3.0,1.38,1.75,2.12,2.5,2.88,2.12,1.38,1.75,2.25,2.12,3.0,2.12,2.62,1.88,2.75,2.0,1.0,2.75,2.75,1.38,1.38,2.12,2.62,2.88,2.0,2.0,1.5,3.0,2.12,2.0,0.64,1
3.88,4.0,3.88,3.62,4.12,1.0,1.0,1.0,4.0,3.88,3.75,3.12,2.88,3.75,2.88,4.0,3.62,1.0,1.62,2.0,3.62,1.38,1.38,4.12,1.0,1.5,3.5,3.75,4.0,3.25,3.25,1.62,4.0,1.0,4.0,0.01,2
2.62,3.0,2.88,2.88,3.0,1.62,1.5,1.0,2.0,2.75,2.12,1.62,1.88,2.0,2.0,3.12,1.88,3.12,1.62,3.5,2.0,1.25,2.75,3.12,1.38,1.88,2.0,2.62,2.62,2.0,2.12,1.38,2.62,1.88,2.75,0.61,1
3.12,4.0,3.12,4.0,3.25,1.0,1.38,1.0,3.75,3.0,3.12,2.0,2.62,3.12,2.12,3.75,3.0,1.62,2.0,2.0,3.12,1.38,1.88,3.12,1.0,1.62,4.0,4.0,4.0,2.88,2.75,1.88,3.25,1.88,3.12,0.01,2
2.75,3.75,2.62,3.0,3.0,1.0,1.0,1.0,2.75,2.75,2.12,1.62,1.88,2.12,2.12,2.88,2.62,1.38,1.12,2.12,2.62,1.25,1.75,3.75,1.0,1.0,3.0,3.0,3.62,2.0,2.0,1.38,3.0,1.5,3.12,0.96,3
3.25,3.38,3.12,3.12,3.38,3.0,3.0,3.25,3.0,3.25,3.0,2.38,2.38,2.88,3.0,3.12,2.25,3.0,2.75,3.12,3.0,1.0,3.25,3.12,3.5,2.0,3.0,2.88,3.38,3.0,2.88,2.12,3.0,4.0,3.0,0.15,0
2.88,3.12,2.75,3.0,3.12,2.25,1.75,1.0,2.88,2.88,2.25,1.38,1.38,2.38,2.12,3.25,2.75,2.62,1.25,2.38,2.75,1.5,2.12,3.0,1.75,1.0,3.0,3.12,3.25,2.12,2.12,1.38,3.0,2.25,2.88,0.84,3
3.75,4.0,3.75,3.75,3.88,1.0,1.0,1.0,3.75,3.88,3.12,3.0,2.75,3.88,3.0,3.88,4.0,1.75,2.62,1.75,3.88,1.62,1.75,3.88,1.0,1.62,3.62,3.88,4.0,3.62,3.62,1.5,3.75,1.0,3.62,0.01,2
3.0,3.62,2.88,3.12,3.0,1.5,1.25,1.0,3.0,2.75,2.62,1.38,1.5,2.12,2.0,3.25,2.25,1.62,1.62,2.12,2.88,1.25,2.0,3.12,1.0,1.88,3.25,3.12,3.0,2.25,2.0,1.88,3.0,2.0,3.0,0.61,3
3.12,3.75,3.69,3.06,3.94,2.44,2.69,1.81,3.0,3.56,2.81,1.94,2.32,2.75,3.06,3.25,2.62,2.56,2.94,2.88,2.88,2.62,2.94,3.81,2.38,2.5,2.82,2.94,3.82,3.5,3.13,2.75,2.88,2.69,3.38,0.02,0
2.25,3.62,2.88,3.0,3.0,1.62,1.5,1.0,2.5,2.75,2.25,1.88,1.88,2.12,2.0,2.88,2.25,2.38,1.12,2.38,2.25,1.25,2.0,2.88,1.62,1.0,3.75,2.88,3.62,2.12,2.0,1.25,2.88,2.0,2.75,0.83,3
2.62,3.0,2.62,2.62,3.0,2.0,2.0,1.0,2.12,2.75,2.0,1.75,1.62,2.0,1.88,2.75,2.12,2.25,2.38,2.5,2.12,1.0,2.12,2.62,2.0,1.0,2.62,2.88,3.0,2.0,2.0,1.88,3.12,2.12,2.5,0.84,1
3.38,3.88,3.25,4.0,3.75,1.0,1.12,1.0,3.12,3.62,3.12,1.62,1.88,2.88,2.88,3.88,2.88,2.62,1.75,2.62,2.88,1.25,2.0,3.75,1.0,2.62,4.12,4.0,3.88,3.0,2.88,1.75,3.62,1.75,3.25,0.06,2
3.75,4.0,4.12,4.0,4.0,1.0,1.0,1.0,3.75,4.0,3.88,2.62,2.75,3.5,3.0,4.0,3.38,1.75,3.12,2.12,3.62,1.5,2.25,4.0,1.0,1.88,4.25,4.0,4.12,3.62,3.5,1.5,3.75,1.5,4.0,0.0,2
2.75,3.38,2.88,2.75,2.88,1.0,1.5,1.0,2.62,2.62,2.12,1.88,1.88,2.62,2.0,3.25,2.12,1.0,1.12,2.0,2.38,1.75,2.0,3.62,1.0,1.0,2.75,2.62,2.88,2.0,2.0,1.38,3.0,1.0,3.0,0.99,3
3.12,3.25,3.12,3.0,3.12,1.0,1.0,1.0,3.12,3.12,3.12,2.12,2.12,2.75,2.88,3.12,2.88,2.12,2.25,2.75,2.88,1.5,2.88,3.12,1.0,2.0,3.12,3.12,3.38,2.75,2.75,1.75,3.0,2.0,3.12,0.13,0
2.62,3.38,2.75,2.75,3.0,1.0,1.0,1.0,2.0,2.88,2.12,1.88,1.88,2.12,2.75,3.0,2.25,1.75,1.5,2.0,2.62,1.62,2.0,3.12,1.0,1.0,3.12,3.0,3.25,2.0,2.0,1.5,3.0,1.88,2.88,0.95,3
3.0,3.0,3.12,2.88,3.0,2.88,2.5,1.0,2.62,3.0,2.88,1.88,1.88,2.5,2.62,3.62,2.25,3.75,1.88,4.0,2.12,1.88,2.88,3.5,2.62,2.0,2.25,2.88,3.12,2.75,2.5,1.5,3.0,2.88,3.0,0.71,1
2.0,2.62,1.88,2.0,2.38,1.38,1.38,1.0,1.88,2.0,2.0,1.5,1.62,1.88,1.75,2.25,1.75,2.12,1.12,2.25,1.88,1.0,2.12,1.88,1.38,1.0,2.0,2.38,2.75,1.88,1.88,1.0,2.0,2.12,1.75,0.6,1
3.75,3.88,3.62,3.75,3.88,1.0,1.5,1.0,3.5,3.75,3.12,2.62,2.75,3.5,2.12,3.5,3.62,1.0,3.25,2.12,3.62,1.38,2.38,3.62,1.0,1.12,3.5,3.75,3.88,3.0,2.88,1.75,3.75,1.75,3.38,0.02,2
2.0,3.0,2.88,3.0,2.88,1.62,1.62,1.0,2.38,2.75,2.0,2.12,2.0,2.25,2.88,2.88,2.62,2.0,1.12,2.38,2.62,1.25,2.25,3.12,2.0,1.0,3.0,3.0,3.0,2.0,2.0,1.0,2.38,2.12,2.75,0.83,3
3.25,3.88,3.5,3.12,3.75,1.0,1.0,1.0,2.5,3.5,2.38,2.38,2.38,2.75,3.0,3.62,2.88,1.0,1.88,1.25,2.88,1.38,1.62,4.0,1.0,1.0,3.12,3.62,4.0,2.25,2.25,1.5,3.0,1.0,3.62,0.98,2
3.12,3.75,3.38,2.88,3.75,1.0,1.38,1.0,2.62,3.12,3.0,1.75,2.0,2.38,3.12,2.88,2.38,1.62,2.0,2.12,2.5,2.62,2.5,4.0,1.0,3.25,2.38,2.88,3.38,3.0,2.88,1.75,2.88,1.75,3.75,0.65,0
2.12,3.12,2.62,3.0,3.0,2.38,2.12,1.12,2.25,2.88,2.25,1.5,1.88,2.12,2.0,3.12,2.38,3.12,1.88,3.25,2.38,1.0,3.0,3.12,2.25,2.0,2.25,2.62,3.0,2.0,2.0,1.38,3.0,2.38,2.75,0.92,1
2.12,3.0,2.0,3.0,2.75,1.0,1.0,1.0,2.0,2.88,2.0,2.0,2.0,2.25,1.88,2.88,2.0,1.75,1.12,2.12,2.0,1.12,2.0,2.38,1.0,1.0,3.0,2.88,2.88,2.0,2.0,1.12,2.25,2.0,2.0,0.91,3
2.38,3.12,2.62,2.75,2.88,2.75,2.0,1.62,2.25,2.75,2.38,1.38,1.5,2.38,2.12,3.12,2.25,3.12,1.88,3.25,2.38,1.25,2.88,3.12,2.5,1.38,2.12,2.88,2.88,2.0,2.0,1.88,3.0,2.88,2.75,0.93,1
2.38,3.38,2.75,3.0,3.0,1.0,1.12,1.0,2.62,3.0,2.25,1.88,1.88,3.25,2.12,2.75,2.75,2.5,1.25,2.38,2.62,1.38,1.75,2.75,1.0,1.25,2.62,3.0,3.5,2.12,1.88,1.0,3.12,1.75,2.75,0.97,3
4.0,4.0,3.88,3.0,4.12,1.0,1.88,1.12,3.62,3.75,3.88,2.25,2.12,3.0,4.25,3.25,2.75,1.62,3.12,2.38,3.12,3.38,2.62,4.25,1.0,4.62,3.0,3.25,4.12,3.38,3.38,2.75,3.12,2.0,4.0,0.1,2
2.88,3.12,2.88,2.88,3.12,2.88,2.25,1.12,2.88,3.0,2.12,2.0,2.25,2.62,2.38,3.5,2.25,3.5,1.88,3.88,2.38,1.75,2.88,3.12,2.75,2.0,2.38,2.75,3.12,2.38,2.12,1.88,3.0,3.0,2.88,0.9,1
3.25,3.38,3.25,2.88,3.5,2.75,2.12,1.0,2.62,3.25,2.88,1.88,1.88,2.75,2.62,3.62,2.25,4.0,2.12,4.12,2.38,1.75,3.62,3.25,2.75,2.88,2.5,2.62,3.12,2.62,2.88,1.0,3.25,2.88,3.0,0.85,0
3.22,3.62,3.32,2.97,3.75,2.28,2.09,1.09,2.88,3.28,2.82,1.94,2.03,2.72,2.78,3.25,2.25,2.66,1.66,3.09,2.5,1.78,3.0,3.75,2.06,3.28,2.78,2.97,3.28,2.59,2.62,1.53,3.16,2.53,3.25,0.9,0
3.75,4.0,4.19,4.0,4.25,1.0,1.12,1.0,3.32,4.31,3.25,3.56,3.12,3.68,3.06,3.88,3.62,1.94,3.0,2.0,3.94,1.82,1.88,4.06,1.0,1.87,3.18,4.0,4.12,4.0,4.06,1.82,3.69,1.25,4.12,0.02,2
3.25,4.0,3.25,4.0,4.0,1.0,1.0,1.0,3.12,3.12,3.12,1.88,2.0,3.75,2.12,4.0,3.5,2.0,2.12,2.12,3.5,1.5,2.0,3.75,1.0,1.5,3.0,4.0,3.88,3.12,3.0,1.62,3.25,1.75,3.5,0.02,2
3.12,3.88,2.88,3.62,3.12,1.0,1.0,1.0,2.88,3.0,2.75,1.88,1.88,2.5,2.0,3.88,2.88,2.0,1.62,2.38,3.0,1.38,2.12,3.12,1.0,1.38,3.75,3.75,4.12,2.0,2.0,1.75,3.12,2.0,3.0,0.35,3
2.75,3.25,2.88,2.88,3.0,1.0,1.0,1.0,2.25,3.25,2.12,1.25,1.38,2.38,1.5,3.38,2.75,1.5,1.12,2.0,2.88,1.12,1.88,2.88,1.0,1.0,2.88,4.0,3.38,1.88,1.5,1.25,3.0,1.25,2.25,0.36,3
3.0,3.38,3.25,3.75,3.75,2.5,2.5,1.12,3.38,3.25,3.25,2.75,2.75,3.5,2.88,3.62,3.0,3.0,1.5,3.38,3.0,1.5,3.12,3.5,2.25,2.25,2.62,3.38,3.62,3.0,3.0,1.88,3.5,2.75,3.12,0.57,0
3.25,4.12,4.0,3.88,4.12,1.0,1.12,1.0,3.25,4.0,3.0,2.25,2.25,3.0,3.0,3.88,3.12,1.38,3.0,1.75,3.5,1.88,1.75,4.12,1.0,1.88,3.25,3.88,4.0,3.75,3.88,2.12,3.25,1.25,4.0,0.13,2
2.38,2.88,2.75,2.62,2.88,3.12,2.62,1.0,2.25,2.75,2.12,1.75,1.88,2.12,2.12,2.75,2.12,3.12,1.62,3.25,2.25,1.25,3.38,2.75,3.0,1.12,2.25,2.62,2.88,2.25,2.12,1.88,2.75,2.88,2.38,0.97,1
3.75,4.0,3.38,4.0,3.88,1.0,1.0,1.0,3.75,3.75,3.62,2.5,2.75,3.75,2.75,4.0,3.62,1.12,2.38,2.25,3.62,1.88,2.88,4.0,1.0,1.0,3.62,4.0,4.0,3.0,3.12,1.5,3.75,2.0,3.75,0.01,2
2.25,3.0,2.38,2.88,2.88,1.62,1.62,1.12,2.0,2.75,2.0,1.5,1.5,1.88,1.75,3.12,1.75,3.0,1.5,3.12,1.88,1.0,2.12,2.88,1.38,1.0,1.88,2.62,2.88,2.0,1.88,1.75,2.38,2.0,2.12,0.73,1
2.25,2.88,2.38,2.62,2.75,2.75,1.75,1.0,1.88,2.38,1.38,1.0,1.0,2.0,1.0,2.5,2.0,3.0,1.12,3.0,2.0,1.0,2.25,2.62,2.5,1.0,2.38,2.5,2.88,1.38,1.38,1.0,2.5,2.5,2.5,0.93,1
3.12,4.0,3.12,3.62,3.62,1.0,1.0,1.0,3.12,3.38,3.12,1.5,1.38,2.75,2.0,3.88,3.0,1.12,2.88,1.62,3.12,1.5,1.25,3.75,1.0,2.25,4.0,4.0,4.0,3.12,3.12,1.5,3.25,1.0,3.62,0.01,2
3.62,3.88,3.5,3.12,3.75,1.0,1.0,1.0,2.88,3.5,3.12,1.62,1.12,2.12,3.12,3.0,3.25,1.0,1.88,1.0,3.38,1.5,1.25,3.88,1.0,1.0,3.62,3.12,4.0,2.88,3.0,1.75,3.12,1.0,3.75,0.04,2
3.25,3.75,3.38,3.12,3.75,1.0,1.12,1.0,2.75,3.62,2.88,3.12,2.75,2.5,4.0,3.0,3.0,1.0,2.5,1.5,3.0,1.5,1.38,4.0,1.0,1.38,2.75,3.12,3.88,3.0,3.0,1.5,3.0,1.0,3.5,0.57,2
3.0,3.88,2.88,2.88,3.38,1.0,1.0,1.0,2.5,3.0,2.62,2.0,1.88,2.62,3.0,3.12,2.88,1.12,1.75,1.88,2.5,2.0,1.12,3.75,1.0,1.0,3.0,3.0,3.88,2.88,2.5,1.0,3.5,1.0,3.12,0.98,3
2.12,3.5,2.0,2.75,2.5,1.0,1.12,1.0,2.0,2.25,1.38,1.0,1.25,2.0,1.38,2.75,2.5,1.5,1.25,1.62,2.25,1.0,1.25,2.62,1.0,1.0,3.5,3.12,3.62,1.0,1.38,1.0,2.38,1.0,2.25,0.43,3
2.0,3.0,2.0,2.88,2.75,1.0,1.12,1.0,2.0,2.38,2.0,1.5,1.5,2.0,2.0,2.5,1.88,1.75,1.0,2.0,2.0,1.0,2.12,2.62,1.0,1.0,3.0,2.62,2.88,2.0,1.88,1.0,3.0,1.88,1.88,0.87,3
2.88,3.12,3.0,3.0,3.38,3.12,2.88,2.0,2.88,3.0,2.25,1.88,2.0,2.25,2.12,3.25,2.12,3.62,1.25,3.25,2.25,1.0,3.0,2.38,3.0,1.5,2.38,2.88,3.0,2.25,2.25,1.12,3.0,3.25,2.12,0.49,1
3.62,4.0,3.62,3.38,3.88,1.0,1.25,1.0,3.38,3.75,3.12,2.38,2.75,3.38,3.25,3.88,2.88,1.5,2.62,2.25,2.88,1.5,2.62,4.0,1.0,3.38,3.62,3.62,4.0,3.0,3.0,1.62,3.62,1.75,3.88,0.01,2
3.12,3.38,3.25,3.25,3.38,3.12,2.62,1.38,3.12,3.38,2.88,2.5,2.75,3.25,2.38,3.5,2.88,3.62,1.62,3.38,3.0,1.88,3.12,3.25,3.0,1.88,2.88,3.12,3.5,2.75,2.5,2.12,3.12,2.88,3.12,0.27,0
2.25,3.0,2.62,3.0,3.0,2.12,2.62,1.12,2.25,2.88,2.25,1.75,2.0,2.25,2.25,3.0,2.0,2.88,1.75,2.88,2.0,1.0,2.62,2.5,2.0,1.12,2.25,2.62,3.0,2.12,2.0,1.5,3.0,2.0,2.0,0.92,1
2.88,3.0,3.0,2.88,2.88,1.88,2.12,1.0,2.88,2.88,2.62,1.88,2.0,2.38,2.38,3.12,2.38,2.88,1.12,3.12,2.38,1.0,2.88,3.0,1.62,1.75,2.38,2.75,3.0,2.25,2.12,1.88,2.88,2.38,2.88,0.93,1
3.88,4.25,3.75,3.5,4.25,1.0,1.0,1.0,3.25,3.75,3.62,1.5,1.5,2.75,2.25,3.75,3.12,1.0,1.62,1.75,3.5,1.62,1.0,4.75,1.0,2.38,3.75,4.38,4.12,3.0,3.0,1.62,3.25,1.0,4.25,0.0,2
3.19,3.75,3.68,3.06,3.94,2.62,2.31,1.0,2.94,3.25,2.88,1.82,2.18,2.5,3.25,3.38,2.44,2.44,2.56,3.0,2.63,2.13,3.12,4.06,3.0,3.25,2.56,2.82,3.32,3.38,3.12,2.62,3.06,2.62,3.44,0.03,0
3.12,3.88,3.25,3.0,3.75,1.88,1.75,1.0,2.88,3.25,3.0,1.88,2.0,2.38,3.12,3.38,2.75,2.88,2.62,3.0,2.88,1.88,2.75,4.0,1.75,3.38,3.0,3.0,3.88,3.12,3.0,1.5,3.0,2.0,3.88,0.77,0
3.5,3.75,3.71,3.17,4.0,1.75,2.25,1.54,2.96,3.75,2.96,2.08,2.29,2.79,3.71,3.33,2.75,2.54,3.42,3.04,2.87,2.54,3.08,3.96,1.75,3.58,2.79,2.92,3.67,3.58,3.58,3.04,3.08,2.63,3.67,0.01,0
3.0,3.62,3.0,3.0,3.0,2.25,2.0,1.0,2.38,3.12,2.62,2.0,2.0,2.12,2.38,3.25,2.62,3.88,1.75,3.88,2.75,1.0,2.5,3.12,2.12,1.0,3.12,3.0,3.38,2.0,2.0,1.0,3.0,2.62,2.75,0.86,1
2.12,2.88,2.5,3.0,3.0,1.62,1.12,1.0,2.25,2.88,2.12,1.0,1.0,2.12,2.0,3.12,1.75,2.75,1.5,2.88,2.0,1.62,2.25,3.0,1.38,1.0,2.5,2.75,3.0,2.12,1.88,1.0,2.88,2.12,2.25,0.79,3
3.41,3.98,3.59,3.21,3.89,1.02,1.12,1.0,2.98,3.61,3.02,1.84,1.91,2.68,2.66,3.38,2.96,1.71,1.89,2.3,2.96,1.73,2.25,3.98,1.0,1.95,3.09,3.45,3.95,3.12,3.0,1.66,3.16,1.41,3.84,0.08,2
4.0,4.75,4.12,4.0,4.5,1.0,1.12,1.0,4.0,4.62,4.62,3.62,3.25,4.12,3.0,4.25,4.0,1.38,2.75,2.0,3.75,1.62,3.0,4.5,1.0,1.88,3.88,4.25,4.88,3.75,4.12,1.75,3.88,1.62,4.5,0.0,2
2.75,3.38,3.12,3.0,3.5,3.25,3.0,3.25,2.62,2.88,2.5,2.12,2.0,2.12,2.25,2.88,2.75,2.88,1.88,3.5,2.75,1.88,3.0,3.12,3.62,1.88,3.0,2.88,3.0,2.38,2.25,2.12,3.12,3.62,2.88,0.61,1
2.5,2.88,2.62,2.75,3.12,2.88,2.38,1.12,2.25,3.0,2.25,1.62,1.88,2.38,2.0,3.0,2.0,3.0,1.12,3.0,2.0,1.0,3.0,2.12,2.88,1.0,2.12,2.88,2.75,2.0,2.0,1.5,2.88,2.75,2.12,0.68,1
3.19,3.75,3.18,3.06,3.75,2.5,2.06,1.19,3.12,3.32,3.0,1.88,1.94,2.56,2.94,3.82,2.68,3.0,1.44,3.82,2.88,1.81,3.31,3.68,2.25,2.94,2.82,3.0,3.38,2.88,2.75,1.75,3.0,3.0,3.18,0.85,0
3.0,3.62,3.25,3.0,3.25,2.0,2.0,1.12,2.88,3.25,2.62,2.0,2.0,3.0,2.88,3.12,2.75,2.75,2.88,2.88,2.88,2.0,2.38,3.25,1.88,2.75,2.88,3.0,3.25,3.0,3.0,2.12,3.0,2.12,3.12,0.9,0
3.88,4.0,3.88,3.88,3.88,1.0,1.12,1.0,4.12,3.75,4.25,2.25,2.5,3.12,2.75,4.0,3.12,1.0,2.0,1.62,3.25,1.62,1.88,4.0,1.0,1.5,3.62,3.88,4.12,3.25,3.25,1.75,3.62,1.5,4.12,0.0,2
3.38,3.88,3.25,2.88,3.38,1.0,1.0,1.0,2.88,3.12,2.88,1.88,2.0,2.5,2.0,3.0,2.5,1.0,2.12,1.75,2.62,1.5,2.12,4.12,1.0,1.88,3.12,2.75,3.5,2.88,2.88,1.62,2.88,1.62,3.88,0.76,3
4.0,4.12,3.62,3.38,4.0,2.12,2.12,1.25,3.12,3.75,3.38,1.88,1.88,2.88,2.88,3.75,2.88,2.12,2.88,3.0,3.12,1.75,3.0,4.12,2.12,3.0,3.62,4.0,4.0,3.12,3.12,1.88,3.25,2.12,4.0,0.0,2
3.54,3.92,3.92,3.38,3.96,1.04,1.29,1.0,3.0,3.75,2.96,2.71,2.75,3.08,3.33,3.67,3.0,1.29,3.0,2.21,3.04,2.21,2.42,3.96,1.04,2.04,3.08,3.21,3.84,3.96,3.71,2.08,3.5,1.54,3.63,0.01,2
3.56,3.94,3.18,3.5,3.88,1.06,1.12,1.0,2.94,3.62,2.62,1.75,1.82,2.75,2.25,3.56,3.19,2.32,1.31,2.5,3.37,1.5,1.94,3.75,1.0,1.63,3.25,3.88,3.94,2.56,2.38,1.56,3.12,1.75,3.44,0.1,2
3.25,4.0,4.0,3.0,3.88,1.5,2.0,1.0,3.12,3.25,3.0,2.12,2.62,3.0,3.75,3.12,3.0,2.25,3.12,3.0,3.0,1.88,3.12,4.0,1.5,4.0,3.12,3.0,3.75,3.12,3.0,2.62,3.0,2.25,3.75,0.02,0
2.5,4.0,2.5,3.0,2.75,1.0,1.0,1.0,2.0,2.62,2.0,1.0,1.0,1.88,1.88,2.88,2.12,1.75,1.38,2.0,2.38,1.25,1.62,3.0,1.0,1.0,3.12,3.5,3.88,2.0,1.88,1.0,2.75,1.5,2.75,0.96,3
2.75,2.88,2.38,2.62,3.0,1.0,1.75,1.0,2.0,2.62,2.0,2.0,2.0,2.25,2.25,3.0,2.12,2.25,1.5,2.5,2.12,1.0,2.38,2.75,1.0,1.38,2.38,2.5,3.0,2.38,2.0,1.0,3.0,1.5,2.25,0.96,3
2.5,3.38,2.25,2.5,2.88,2.0,1.88,1.0,1.62,3.0,1.88,1.75,2.0,2.0,1.88,2.88,2.0,1.88,2.12,2.0,2.25,1.0,1.88,2.75,1.88,1.25,3.12,3.12,3.12,1.75,1.62,1.5,2.62,2.0,2.0,0.8,3
2.5,3.12,3.0,3.0,3.0,3.0,2.38,2.0,2.25,3.0,2.25,1.88,1.88,2.12,2.38,2.75,2.62,3.12,1.25,2.75,2.62,1.12,2.62,2.75,3.0,1.38,3.12,2.88,3.12,2.12,2.12,1.62,3.12,2.5,2.62,0.83,1
2.88,3.12,3.0,3.0,3.12,2.38,2.12,1.0,2.75,3.0,2.38,1.5,1.75,2.25,2.0,3.12,2.62,2.62,2.0,3.0,2.88,1.75,2.75,3.0,2.12,1.62,2.62,2.88,3.12,2.38,2.38,1.75,3.12,2.12,2.88,0.97,1
3.88,4.0,3.75,3.88,4.0,1.5,1.5,1.0,3.88,3.75,3.75,2.5,2.5,4.0,2.38,4.0,3.25,2.5,2.12,2.5,3.88,1.5,2.12,4.0,1.5,1.5,3.5,4.0,4.0,3.12,3.12,1.5,3.5,2.0,3.75,0.0,2
2.75,3.0,3.0,2.88,3.25,3.38,3.12,2.12,2.12,3.12,2.75,1.88,1.88,2.0,2.0,3.0,2.0,3.0,1.88,3.5,2.0,1.88,3.25,2.88,4.0,1.75,2.12,2.75,3.12,2.88,2.75,1.88,3.0,4.0,2.62,0.73,1
2.75,3.25,3.12,2.88,3.5,3.38,3.0,2.75,2.5,3.25,2.62,1.88,1.75,2.25,2.25,3.25,2.25,3.25,1.38,3.5,2.62,1.62,3.12,2.88,3.75,1.5,2.88,3.0,3.12,3.0,3.0,1.75,3.0,3.62,2.75,0.59,1
2.38,3.0,2.12,2.88,2.75,1.75,1.12,1.0,2.12,2.62,2.12,1.0,1.38,2.0,2.0,2.88,2.0,2.25,1.12,2.38,2.38,1.25,1.88,2.38,1.75,1.0,3.12,3.0,3.25,2.0,2.0,1.38,2.62,2.0,2.5,0.72,3
2.62,3.12,2.75,3.0,2.88,2.88,2.12,1.12,2.25,2.62,2.25,1.75,1.75,1.88,2.5,3.12,1.88,3.88,1.75,3.75,2.0,1.62,3.12,3.0,3.0,1.5,2.25,2.88,3.12,2.75,2.12,1.25,3.0,3.0,2.75,0.95,1
2.88,3.12,2.88,2.75,3.25,2.88,2.0,1.62,2.25,3.0,2.25,1.5,1.62,2.38,2.62,3.12,2.12,3.88,1.88,3.75,2.25,1.0,2.62,3.0,2.88,1.12,2.12,2.5,3.0,1.62,2.12,1.38,3.0,2.88,2.62,0.9,1
2.88,3.75,2.62,3.12,3.12,1.12,1.0,1.0,2.25,3.0,2.62,1.38,1.38,2.12,2.0,3.38,2.62,2.12,1.5,2.25,2.88,1.12,2.0,3.0,1.0,1.5,2.88,3.0,3.25,2.0,2.0,1.12,2.5,2.0,2.75,0.84,3
2.0,3.0,2.12,2.88,2.88,1.12,1.12,1.0,2.12,2.75,2.0,1.88,1.88,2.25,2.0,2.75,2.12,2.0,1.5,2.12,2.12,1.12,2.12,2.88,1.0,1.0,3.0,2.88,3.0,2.0,2.0,1.75,2.88,2.0,2.0,0.86,3
2.62,3.0,2.88,3.12,3.12,3.25,2.62,1.5,2.38,3.0,2.5,1.75,1.88,2.5,2.25,3.12,1.88,3.75,1.75,3.75,2.12,1.0,3.12,2.38,3.12,1.25,2.25,2.75,2.88,2.12,2.12,1.75,3.0,3.25,2.25,0.89,1
2.75,3.12,3.12,3.0,3.5,1.88,2.25,1.0,2.62,3.12,2.62,1.75,2.12,2.5,2.75,3.25,2.38,2.75,1.5,3.0,2.62,1.62,2.25,3.75,2.0,2.62,2.5,2.88,3.0,2.62,2.5,2.0,3.25,2.12,3.25,0.91,0
2.25,3.12,2.12,2.75,2.5,1.0,1.38,1.0,2.12,2.5,2.0,1.38,1.38,2.0,1.62,2.75,2.25,1.25,1.12,2.12,2.38,1.0,1.5,2.5,1.0,1.0,3.0,2.75,3.25,1.5,1.5,1.38,2.5,1.38,2.38,0.79,3
4.0,4.0,3.88,3.0,4.0,1.0,1.0,1.0,3.0,3.75,3.12,1.75,1.75,2.88,3.38,3.12,2.5,1.12,2.62,2.0,2.88,2.0,1.62,4.12,1.0,4.0,2.88,3.12,4.0,3.12,2.88,1.75,3.0,1.0,3.88,0.67,2
3.12,3.25,3.0,2.88,3.75,1.0,1.0,1.0,3.0,3.38,2.5,1.62,1.62,2.62,2.12,4.12,2.38,2.0,1.5,2.38,2.5,1.38,2.25,3.25,1.25,1.25,2.62,3.12,3.62,2.5,2.38,1.62,2.88,1.75,3.12,0.95,3
3.88,4.38,4.0,3.75,4.12,1.0,1.0,1.0,3.62,4.12,3.62,2.12,2.12,3.38,3.5,3.88,3.25,1.0,3.5,2.0,3.75,2.75,2.0,4.38,1.0,3.75,3.38,3.88,4.12,3.88,4.0,1.88,3.62,1.0,4.25,0.01,2
3.12,3.75,3.12,3.5,3.38,1.0,1.0,1.0,3.38,2.75,3.38,1.75,2.38,2.38,2.5,3.38,2.88,1.12,1.25,2.0,3.0,1.5,1.62,3.62,1.0,1.38,3.5,3.75,3.62,2.12,2.25,1.62,3.25,1.75,3.38,0.56,3
4.0,4.0,3.62,3.88,3.75,1.0,1.0,1.0,4.0,3.62,4.0,1.12,1.12,2.88,2.62,3.88,3.0,1.12,1.38,1.38,3.12,1.38,1.25,3.88,1.0,1.88,3.88,4.0,4.0,2.88,2.88,1.62,3.75,1.0,3.88,0.02,2
2.75,3.12,3.0,3.0,3.12,3.38,2.62,1.0,2.88,3.25,2.38,1.88,2.0,2.75,2.25,3.38,2.62,3.88,1.62,3.75,2.38,1.0,2.88,2.88,2.88,1.5,3.0,3.0,3.38,2.75,2.62,1.88,3.0,3.0,2.5,0.62,1
2.0,2.5,2.12,2.25,2.25,2.25,2.25,1.38,2.0,2.25,1.88,1.25,1.88,2.0,1.62,2.75,2.0,3.0,1.25,2.88,1.88,1.12,3.0,2.25,2.25,1.25,2.38,2.12,2.62,2.25,1.75,1.25,2.75,2.25,1.88,0.37,1
3.0,3.62,3.5,3.75,4.0,2.25,2.25,1.0,3.25,3.62,3.12,1.88,2.0,3.12,2.12,3.38,2.88,2.38,1.62,2.62,3.0,1.62,2.25,3.12,1.88,1.88,2.88,3.0,3.75,2.75,2.88,1.75,3.12,2.25,3.12,0.05,0
3.88,4.25,3.88,3.38,4.25,1.0,1.0,1.0,3.0,3.75,3.25,1.88,2.0,3.0,4.0,3.12,2.88,1.0,2.62,1.75,3.0,2.75,2.25,4.25,1.0,2.88,3.12,3.12,4.25,3.25,3.25,1.88,3.12,1.0,4.25,0.23,2
3.0,4.0,3.75,3.0,4.0,1.88,2.0,1.25,3.12,3.38,2.88,2.0,2.12,3.0,2.0,3.62,2.75,2.12,2.88,2.62,2.88,1.75,2.5,3.62,1.88,3.0,3.12,3.62,4.0,2.75,2.75,2.0,3.25,2.12,3.38,0.06,0
3.12,3.25,3.25,3.0,3.5,3.12,3.0,3.38,2.88,3.12,2.75,1.75,2.25,2.88,2.5,3.12,2.38,3.0,1.62,3.62,2.75,1.62,3.25,3.38,3.38,1.75,2.88,3.0,3.12,3.0,3.0,1.75,2.88,3.5,2.88,0.65,0
2.38,2.62,2.62,2.12,2.5,1.0,1.38,1.0,2.0,2.88,2.0,1.5,1.88,2.0,2.0,2.62,1.88,2.25,1.88,2.25,1.88,1.12,2.25,2.5,1.0,1.0,2.12,2.12,2.62,2.0,1.75,1.38,2.75,2.0,1.88,0.99,1
2.88,3.38,3.12,2.75,3.75,3.62,3.0,3.0,2.25,3.0,2.12,2.0,2.12,2.5,2.12,2.88,2.25,2.88,1.88,3.5,2.75,1.62,3.5,3.12,3.88,1.75,3.0,2.75,3.5,2.62,2.25,1.88,3.0,3.62,2.75,0.72,1
3.12,3.38,3.0,2.88,3.75,1.12,1.5,1.0,2.88,3.25,3.0,2.0,2.0,2.12,3.12,3.12,2.5,2.5,2.88,3.0,2.62,2.0,3.12,3.12,1.25,1.12,2.88,2.88,3.12,2.75,2.75,2.12,3.25,2.12,3.0,0.0,0
2.75,3.12,3.0,2.75,3.25,3.88,3.25,1.75,2.12,2.88,2.5,1.75,2.0,1.88,2.0,2.88,2.0,3.25,1.5,3.38,2.12,1.38,3.12,2.88,3.88,1.75,2.38,2.75,2.88,2.25,2.38,1.75,2.75,3.75,2.62,0.93,1
3.25,3.12,3.0,3.0,3.38,1.0,1.12,1.0,3.75,3.12,3.5,1.75,2.0,2.62,1.88,3.12,2.5,1.75,1.75,2.0,2.88,1.12,2.12,2.88,1.0,1.75,3.0,3.0,3.5,2.88,2.88,1.75,3.0,1.75,2.88,0.1,3
2.88,3.38,2.88,2.88,3.0,1.0,1.12,1.0,2.25,2.75,2.25,1.88,2.0,2.25,2.12,3.12,2.38,2.0,1.75,1.75,2.25,1.5,2.0,3.88,1.0,1.0,3.12,3.0,3.25,2.0,2.25,1.38,3.0,1.12,3.12,0.97,3
2.88,3.75,3.12,3.0,3.88,1.0,1.12,1.0,2.38,3.12,2.25,2.12,2.12,2.25,3.62,3.25,2.5,2.12,2.62,2.38,2.5,1.88,2.12,3.75,1.0,2.75,2.75,2.88,3.38,2.88,2.75,1.75,2.88,1.75,3.25,0.75,0
2.44,3.12,2.68,2.75,3.0,2.0,2.31,1.0,2.25,2.88,2.25,1.87,2.06,2.12,2.38,2.88,2.25,2.12,1.88,2.44,2.38,1.19,2.75,2.82,1.88,1.32,2.68,2.82,3.06,2.0,1.88,1.88,2.56,1.94,2.56,0.95,1
3.44,3.75,3.25,3.88,3.75,1.25,1.63,1.0,3.44,3.5,3.38,2.94,2.94,3.69,2.44,3.69,3.12,1.81,1.81,2.18,3.38,1.44,2.38,3.5,1.06,1.43,3.82,3.82,3.94,3.25,3.18,1.94,3.44,1.88,3.31,0.25,2
2.0,3.0,2.62,2.62,2.62,3.0,2.62,1.88,2.12,2.88,2.0,1.88,2.0,2.0,2.12,3.0,1.88,3.38,1.75,3.5,2.0,1.88,3.0,3.0,2.25,1.75,2.0,2.5,2.75,2.0,2.0,1.75,2.75,2.62,2.25,0.84,1
3.12,3.5,3.38,3.0,3.62,3.5,3.12,3.25,2.88,3.25,2.88,1.75,1.75,2.5,2.25,3.38,2.5,3.25,1.88,3.62,2.62,2.0,3.62,3.38,3.88,2.0,2.88,3.0,3.25,3.12,2.88,1.88,3.0,3.88,3.0,0.36,0
3.0,3.88,3.0,3.12,3.38,1.12,1.38,1.0,3.5,2.88,3.62,1.12,1.38,2.38,1.88,3.62,2.88,1.38,1.38,1.62,3.12,1.62,1.38,3.62,1.0,1.38,3.62,3.75,3.75,2.25,2.25,1.5,2.75,1.0,3.12,0.56,3
3.75,3.88,3.88,3.62,4.0,1.12,1.88,1.75,3.0,3.88,3.0,2.5,2.75,2.88,3.25,3.75,2.88,2.12,2.25,2.88,3.0,1.88,2.62,4.0,1.0,3.38,3.0,3.62,3.88,3.88,3.88,2.25,3.62,2.25,3.88,0.16,2
3.38,3.38,3.38,3.5,3.75,2.62,2.88,2.62,3.25,3.5,3.38,2.25,2.62,3.38,2.62,3.5,3.12,3.75,2.25,3.62,3.0,1.0,3.75,3.12,3.12,1.62,3.12,3.0,3.38,2.75,2.62,2.0,3.38,3.25,2.62,0.18,0
2.88,3.38,3.12,3.25,3.62,3.0,2.62,1.12,3.38,3.12,3.0,1.25,1.62,2.88,2.38,3.5,2.88,3.62,1.75,3.62,2.88,1.0,3.0,3.12,3.0,1.25,2.38,2.88,3.25,2.12,2.12,1.38,2.88,3.0,3.0,0.53,1
3.88,3.88,3.88,3.25,4.0,2.0,2.12,1.0,3.0,3.25,3.0,2.38,2.25,3.0,3.38,3.5,2.75,1.38,3.12,2.88,2.88,2.12,3.0,4.0,2.0,3.0,2.75,3.0,3.88,3.25,3.25,2.25,3.0,2.75,4.12,0.1,0
2.96,3.12,3.08,3.0,3.58,3.29,2.71,1.66,2.5,3.12,2.67,1.88,1.96,2.16,2.58,3.42,2.29,3.84,1.79,3.96,2.41,1.75,3.04,3.12,3.08,2.21,2.58,2.84,3.17,2.79,2.58,1.84,2.96,3.04,3.0,0.85,1
2.62,3.5,1.88,2.88,2.75,1.0,1.0,1.0,2.38,2.12,2.0,1.12,1.12,2.0,1.88,2.88,2.62,1.25,1.0,1.75,2.62,1.0,2.0,2.88,1.0,1.0,3.12,3.0,3.12,2.0,1.88,1.0,2.62,1.25,2.12,0.97,3
3.62,3.88,3.0,3.12,3.88,1.0,1.0,1.0,2.5,3.38,2.5,2.12,1.75,2.62,2.88,3.12,3.62,1.75,1.62,1.75,3.5,1.5,2.62,3.88,1.0,1.12,3.25,3.38,4.0,2.38,2.25,1.38,3.0,1.62,3.38,0.97,2
3.12,3.75,3.12,3.0,3.75,1.0,1.0,1.0,2.75,3.5,2.75,2.0,2.0,2.38,2.88,3.0,2.75,1.0,1.88,1.88,2.88,1.5,1.12,3.75,1.0,1.38,3.0,3.0,3.62,2.75,2.75,1.62,2.88,1.0,3.75,0.99,3
3.12,4.0,3.0,3.0,3.75,1.38,1.38,1.0,2.12,3.0,2.0,1.5,1.5,2.0,1.75,3.0,2.5,2.12,1.88,2.12,2.88,1.12,1.88,3.88,1.25,1.0,3.0,3.75,4.75,2.0,2.12,1.12,3.25,1.5,3.12,0.1,3
3.12,3.75,3.12,3.0,3.62,2.12,1.5,1.0,2.38,3.38,2.88,1.62,1.75,2.5,2.5,3.62,2.0,4.12,1.75,4.0,2.0,1.0,2.88,3.38,1.88,1.38,2.38,2.75,3.62,2.25,2.12,1.25,3.12,2.75,3.0,0.96,1
3.38,3.88,3.12,3.0,4.0,2.88,2.75,1.0,3.0,3.12,3.12,1.75,2.25,2.5,3.0,3.88,2.62,3.0,2.5,3.25,2.62,1.5,3.12,4.0,2.75,4.12,2.75,2.88,3.38,3.0,3.12,2.0,3.12,2.88,3.88,0.57,0
2.75,3.75,3.0,2.75,3.12,1.0,1.0,1.0,2.25,2.88,2.25,1.25,1.0,2.0,3.25,3.0,2.0,1.0,1.25,1.88,2.0,1.88,1.62,3.88,1.0,1.0,3.0,2.88,3.12,2.12,2.0,1.38,2.88,1.0,3.12,0.97,3
2.75,3.25,2.88,2.88,3.25,1.0,1.0,1.0,2.12,2.75,2.0,2.0,1.75,2.12,3.38,3.0,2.25,1.12,1.38,1.62,2.25,1.38,1.12,3.25,1.0,1.12,2.88,2.75,3.12,2.12,2.12,1.12,3.0,1.0,3.12,0.98,3
3.75,4.0,3.88,4.0,4.0,1.0,1.0,1.0,3.0,3.62,3.12,1.62,1.75,3.12,2.0,3.25,3.12,1.62,2.88,1.62,3.25,1.62,1.62,4.0,1.0,2.62,4.12,4.25,4.12,2.75,3.12,1.62,3.12,1.0,3.88,0.0,2
3.25,4.12,3.5,3.5,4.0,1.0,1.12,1.0,2.88,3.75,3.0,2.75,2.62,3.12,3.0,3.25,3.12,1.0,2.75,1.62,3.38,1.75,1.62,3.75,1.0,1.62,3.12,4.0,4.0,3.12,3.12,1.75,3.5,1.0,3.75,0.04,2
3.88,4.0,3.88,3.88,4.0,1.0,1.88,1.0,4.75,4.0,4.12,2.0,2.5,3.88,2.12,4.12,3.62,1.62,2.75,2.0,3.88,1.25,2.62,4.0,1.0,1.62,3.75,4.0,4.38,3.88,3.62,1.88,3.88,1.88,3.62,0.01,2
4.0,4.0,3.75,3.38,4.0,1.0,2.25,1.0,3.0,3.88,3.25,2.25,2.25,3.0,2.88,3.88,2.62,2.12,2.62,2.25,2.88,1.5,2.38,4.0,1.0,3.5,3.25,3.88,4.0,3.12,3.12,2.25,3.0,2.0,3.88,0.0,2
2.62,3.75,2.62,3.0,2.88,1.0,1.0,1.0,2.5,2.62,1.62,1.38,1.38,2.12,2.12,3.25,2.88,2.38,1.38,2.5,3.0,1.38,2.25,3.0,1.0,1.0,3.88,3.75,3.75,1.88,2.0,1.38,2.5,2.0,2.5,0.75,3
3.12,3.88,3.12,3.0,3.88,1.0,1.0,1.0,3.0,3.12,2.88,1.5,1.38,3.0,2.12,3.0,3.0,1.25,2.0,1.88,3.0,1.62,3.25,4.88,1.0,1.0,2.62,3.12,3.75,3.12,2.5,1.62,3.38,1.0,4.25,0.06,2
3.0,3.25,2.62,3.0,3.0,1.5,1.75,1.0,4.0,3.0,3.12,1.0,1.38,2.12,1.75,3.0,2.0,1.62,2.0,1.88,2.88,1.12,1.88,3.0,1.12,1.75,3.75,3.12,3.62,2.25,2.12,1.75,3.0,1.88,2.62,0.08,3
2.12,3.0,3.0,3.12,3.0,2.0,2.12,1.38,2.5,3.0,2.38,1.75,1.88,2.5,2.62,3.25,2.0,2.88,1.38,2.75,2.12,1.12,3.12,2.38,1.88,1.25,2.25,2.5,3.12,2.0,2.0,1.75,3.12,2.38,2.0,0.94,1
3.84,4.0,3.94,3.06,4.06,1.0,1.38,1.0,3.38,3.84,3.47,2.16,2.25,3.0,3.75,3.47,2.81,1.88,2.31,2.44,2.97,2.28,2.53,4.22,1.0,4.31,2.78,3.25,4.0,3.22,3.06,1.94,3.12,1.9,4.06,0.02,2
4.0,3.38,4.0,2.88,4.12,1.0,1.0,1.0,3.0,3.75,3.25,1.62,1.62,2.0,5.0,3.0,2.0,1.0,2.5,1.38,2.75,2.5,1.5,4.0,1.0,3.62,2.0,2.88,3.25,3.0,3.0,1.62,2.75,1.0,3.62,0.05,0
3.0,3.5,3.25,3.75,3.62,1.12,1.0,1.0,2.88,3.5,2.75,1.75,1.88,3.0,2.25,3.75,2.5,3.25,1.88,3.38,3.0,1.5,3.0,3.12,1.0,1.5,2.88,2.88,3.75,3.0,3.0,1.38,3.5,2.25,3.0,0.83,0
3.25,4.12,3.88,3.88,4.0,1.0,1.0,1.0,3.25,3.5,3.75,1.88,1.88,3.0,2.0,4.0,3.38,1.38,2.5,2.0,3.75,1.88,1.88,4.0,1.0,2.62,3.88,4.25,4.12,3.25,2.88,1.75,3.25,1.0,3.75,0.0,2
2.62,3.25,2.62,2.75,3.0,1.75,1.12,1.0,1.88,2.88,2.12,1.62,1.62,1.88,2.5,2.75,2.12,2.62,1.38,2.5,2.38,1.0,1.88,3.0,1.12,1.12,3.0,2.75,3.25,2.0,2.0,1.38,3.25,1.88,3.0,0.94,3
3.38,3.88,3.62,3.5,3.88,2.5,2.38,1.0,2.88,3.5,2.88,3.0,2.88,3.62,2.88,3.38,3.12,2.62,2.12,3.12,3.12,1.88,2.88,3.75,2.38,2.62,2.88,3.38,3.62,3.0,3.0,1.88,3.38,2.5,3.25,0.05,0
2.75,3.0,2.75,2.5,3.12,1.88,2.0,1.0,1.62,2.88,2.0,2.12,2.38,2.0,2.12,3.0,2.0,2.0,2.62,2.0,2.75,1.38,2.5,3.0,1.88,1.0,2.75,2.88,3.0,2.0,2.0,1.5,2.5,1.88,2.75,0.04,3
3.25,3.25,3.12,3.0,3.25,1.0,1.25,1.0,3.0,3.0,2.88,2.0,2.0,2.25,3.25,3.0,2.25,1.5,3.0,2.12,2.38,2.25,2.75,3.25,1.0,1.88,2.38,3.0,3.12,2.88,2.88,2.38,2.88,2.0,3.0,0.68,0
3.75,4.0,3.88,3.75,4.0,1.0,1.0,1.0,3.0,3.88,3.0,2.25,2.25,2.75,3.38,4.0,3.0,2.0,2.5,2.62,3.0,1.62,2.62,4.0,1.0,3.38,2.88,3.0,4.0,3.25,3.25,1.62,3.25,1.62,4.0,0.02,2
2.87,3.5,3.04,2.92,3.54,2.21,1.96,1.04,2.58,3.08,2.5,1.58,1.75,2.5,2.29,3.21,2.5,2.75,1.83,3.25,2.54,1.33,3.33,3.5,2.17,2.21,2.67,2.96,3.5,2.54,2.63,1.66,3.17,2.92,3.29,0.9,0
2.75,3.0,2.62,2.75,3.0,2.75,2.0,1.25,2.0,2.88,2.0,1.38,1.38,2.0,2.0,3.0,1.88,3.38,1.75,3.5,2.0,1.0,3.0,2.75,2.62,1.5,1.88,2.62,3.0,1.88,2.0,1.75,2.75,3.0,2.5,0.78,1
2.75,3.75,3.0,2.75,3.12,1.62,1.0,1.0,2.12,2.88,2.0,1.75,1.75,2.0,2.62,2.88,2.75,2.75,1.12,2.5,2.88,1.0,2.0,3.0,1.25,1.0,3.12,3.0,3.62,2.0,2.0,1.38,3.0,2.0,2.75,0.98,3
3.0,3.0,3.0,2.5,3.25,1.0,1.38,1.0,1.88,3.0,2.12,2.12,2.0,2.0,2.12,3.0,1.75,2.62,1.62,2.88,2.38,1.5,2.62,2.88,1.0,3.0,2.38,2.62,3.0,2.38,2.12,1.25,2.75,2.0,2.75,0.95,3
3.0,4.0,3.0,3.12,3.38,1.0,1.0,1.0,2.88,3.12,2.62,1.38,1.38,2.25,2.62,3.0,2.88,1.5,1.75,2.12,3.25,1.88,1.88,3.5,1.0,1.0,4.0,3.62,4.0,2.75,2.38,1.5,3.12,1.38,3.12,0.61,3
4.12,4.12,3.62,3.0,4.0,1.0,1.0,1.0,3.5,3.62,3.5,1.62,1.62,2.12,3.0,2.88,2.75,1.0,2.5,1.38,2.88,1.5,1.38,4.25,1.0,2.62,3.0,3.75,4.12,3.0,3.12,1.5,2.88,1.0,4.0,0.04,2
3.0,3.75,3.0,3.0,3.38,1.0,1.0,1.0,3.12,3.0,3.0,2.0,2.0,2.25,2.25,3.25,2.88,1.38,1.12,2.12,3.12,1.0,2.0,3.25,1.0,1.62,3.62,3.5,3.12,2.0,2.0,1.25,3.12,1.75,3.12,0.39,3
2.62,3.5,2.5,3.0,2.88,1.0,1.0,1.0,2.25,2.62,2.25,1.75,1.75,2.38,3.0,3.12,2.25,1.62,1.12,2.0,2.5,1.38,1.88,2.75,1.0,1.25,2.88,3.0,3.12,1.88,1.88,1.0,2.38,1.75,2.88,0.91,3
3.88,4.0,4.0,3.62,4.12,1.62,1.75,1.0,3.0,4.0,3.0,2.12,2.12,2.75,4.0,4.0,3.0,2.25,3.75,3.62,3.12,1.88,3.25,4.0,1.62,4.12,2.88,2.88,3.75,3.75,3.75,2.88,3.5,3.12,4.0,0.07,0
3.12,3.25,3.12,3.12,3.25,3.25,2.5,2.12,2.75,3.12,2.12,1.5,1.88,2.38,2.12,3.12,2.38,3.38,1.62,4.0,2.5,1.38,3.12,3.12,3.25,2.25,2.12,2.75,3.0,2.62,2.88,1.5,3.0,3.25,2.88,0.89,1
3.62,4.0,3.62,3.88,3.88,1.0,1.0,1.0,3.0,3.62,3.0,3.0,3.12,3.75,2.62,4.0,3.5,1.88,2.5,2.25,3.62,1.5,2.38,4.0,1.0,1.5,3.25,3.75,4.0,3.12,3.12,1.5,3.62,1.75,3.5,0.16,2
4.0,4.0,3.38,3.0,4.12,1.0,1.0,1.0,3.12,3.12,3.25,1.62,1.75,2.5,2.0,3.0,2.5,1.0,2.0,1.38,2.75,1.38,1.62,4.75,1.0,2.62,2.38,3.12,4.0,2.25,2.25,1.5,2.88,1.0,4.12,0.44,2
3.12,3.12,3.12,3.0,3.12,3.5,3.0,2.0,2.62,3.12,2.62,1.38,1.88,2.12,2.25,3.12,2.12,3.12,2.0,3.12,2.5,1.25,3.12,3.0,3.88,1.88,2.88,2.75,3.12,2.38,2.25,1.88,3.12,3.88,2.75,0.79,1
3.5,3.75,3.12,3.0,3.5,1.0,1.0,1.0,4.25,3.38,3.75,1.12,1.12,2.62,2.62,3.62,3.0,1.0,1.38,1.88,2.88,1.38,1.12,3.75,1.0,1.75,3.38,3.5,3.75,2.88,2.75,1.88,3.25,1.0,3.62,0.19,2
3.12,3.75,3.75,3.0,3.88,3.0,2.88,2.38,2.88,3.88,2.75,2.0,2.75,3.0,3.0,3.75,2.5,3.0,3.12,3.38,2.75,3.62,3.25,3.88,3.0,2.25,3.0,3.0,3.38,3.88,3.75,2.75,3.12,3.75,3.12,0.03,0
4.12,4.12,4.12,3.0,4.25,1.88,2.25,1.12,3.62,4.0,4.0,1.88,2.0,3.0,3.88,3.88,2.5,2.12,3.12,2.75,3.0,2.25,3.0,4.38,1.75,4.75,2.5,3.0,4.12,3.38,3.12,2.12,2.88,1.88,4.25,0.03,0
3.0,3.12,3.0,3.62,3.12,2.25,2.12,1.75,2.88,3.0,2.88,1.75,2.0,2.88,2.12,3.0,2.12,3.62,2.0,3.62,2.38,1.0,3.0,2.75,2.25,1.12,2.75,2.88,3.0,2.0,2.0,2.0,3.0,2.5,2.25,0.83,1
3.38,3.62,3.25,4.12,3.75,2.0,2.12,1.0,3.62,3.62,3.25,3.12,3.25,3.88,3.0,4.0,3.12,2.5,2.62,2.88,3.0,1.5,3.25,3.5,2.0,1.75,3.75,3.88,3.88,3.0,3.0,1.62,3.88,2.12,3.12,0.1,2
2.94,3.44,3.06,3.38,3.32,1.56,1.56,1.06,2.62,2.88,2.38,1.88,2.12,2.31,2.62,3.25,3.18,1.56,1.88,2.32,3.0,1.5,1.94,3.5,1.5,1.0,3.12,3.12,3.44,2.62,2.5,1.56,3.18,1.75,3.12,0.99,3
2.12,2.75,2.0,2.62,2.75,1.38,1.62,1.0,1.88,2.25,2.0,1.25,1.5,1.75,2.0,3.0,1.62,2.0,1.12,2.12,1.62,1.38,2.25,2.62,1.25,1.0,2.12,2.12,2.62,1.88,1.88,1.12,2.25,1.75,2.0,0.38,1
3.5,3.75,3.75,3.75,4.0,1.0,1.0,1.0,3.5,3.75,3.25,2.62,2.75,4.0,3.12,3.88,3.25,1.38,2.0,2.12,3.5,1.75,2.62,3.5,1.0,1.62,3.75,3.75,3.88,3.12,3.12,1.5,3.75,1.75,3.62,0.09,2
3.25,3.38,3.12,3.0,3.5,1.38,1.5,1.0,2.75,3.12,2.88,1.62,1.62,2.25,2.88,3.12,2.38,1.38,1.62,1.88,2.38,1.88,2.12,4.0,1.25,1.88,2.75,3.0,3.12,2.88,2.75,1.62,3.0,1.75,3.5,0.88,3
3.0,3.38,3.12,2.88,3.75,3.12,2.62,2.12,2.88,3.25,2.88,1.88,2.12,3.0,2.75,3.62,2.75,3.75,1.5,4.0,2.75,1.75,3.0,3.0,3.0,1.38,2.75,3.0,3.0,2.62,2.88,1.38,2.75,3.38,3.0,0.93,0
4.0,4.0,3.5,3.12,4.12,1.38,1.62,1.0,3.0,3.62,3.75,2.5,2.0,3.0,4.12,3.38,2.62,1.75,2.62,2.0,3.0,2.25,1.75,4.25,1.12,4.25,2.88,3.12,4.0,3.0,3.0,2.0,2.88,1.38,4.12,0.04,2
3.12,4.38,3.25,3.75,3.75,1.5,1.5,1.12,3.0,3.38,2.75,1.88,2.0,2.5,2.0,3.12,2.88,2.0,2.0,2.5,3.12,1.88,2.0,3.62,1.62,1.38,3.75,3.88,4.12,2.62,2.0,1.75,2.88,2.12,3.0,0.49,2
2.12,3.0,2.75,2.75,2.75,2.25,2.0,1.0,2.0,2.62,2.0,1.5,1.5,1.88,1.88,2.88,1.88,3.25,1.25,3.12,2.0,1.0,2.25,2.75,2.12,1.12,2.12,2.5,2.62,1.62,1.62,1.0,2.75,2.38,2.12,0.96,1
2.75,3.12,3.0,3.0,3.0,1.25,1.38,1.0,2.75,3.0,3.12,1.12,1.25,2.0,1.38,3.75,2.0,1.38,1.25,2.12,2.5,1.0,1.88,2.88,1.25,1.5,3.25,3.38,3.5,1.88,2.0,1.0,2.38,1.62,2.5,0.67,3
2.25,3.25,2.0,2.62,2.75,1.62,1.12,1.0,1.75,2.5,1.88,1.38,1.62,1.88,2.62,3.0,2.0,1.62,1.62,1.75,2.12,1.75,2.38,3.5,1.0,1.0,2.88,2.62,3.0,2.25,1.88,1.75,3.0,1.5,3.25,0.81,3
2.75,3.0,2.75,2.88,3.25,3.75,2.75,2.62,2.5,2.88,2.62,1.75,1.88,2.5,2.12,2.88,2.12,3.12,1.75,3.25,2.25,1.0,3.25,2.88,4.0,1.75,2.38,2.75,3.0,2.62,2.62,1.88,2.88,4.0,2.88,0.88,1
3.25,3.75,3.12,3.25,3.38,1.0,1.0,1.0,3.12,3.12,2.88,1.88,1.88,2.25,2.12,3.75,3.0,2.0,1.25,2.0,3.0,1.12,2.0,3.12,1.0,1.75,3.88,3.88,3.88,2.0,2.38,1.62,2.88,2.0,3.12,0.47,3
2.88,3.12,3.38,2.88,3.12,3.38,3.0,3.38,2.75,3.25,2.62,1.88,2.12,2.38,2.25,2.88,2.12,2.88,1.88,3.12,2.5,1.62,3.62,3.12,3.62,1.75,3.0,2.75,3.38,2.88,2.75,1.75,3.0,3.62,2.75,0.65,1
3.0,3.25,3.0,3.0,3.38,1.12,1.12,1.0,2.88,3.25,3.0,1.0,1.0,2.12,2.5,3.12,2.75,1.12,1.75,1.75,2.75,1.0,2.0,3.0,1.0,1.38,2.75,3.0,3.62,2.0,2.38,1.5,2.88,1.38,2.75,0.98,3
3.25,3.88,3.88,3.12,4.0,1.0,1.75,1.0,3.0,3.88,3.12,1.75,1.62,2.62,3.38,3.12,2.62,2.0,2.62,2.0,2.88,2.0,2.0,4.12,1.0,4.0,2.62,3.0,4.0,3.25,3.25,1.62,2.88,1.5,3.88,0.63,2
3.82,4.0,3.68,3.0,4.06,1.0,1.0,1.0,3.25,3.81,3.18,2.37,1.87,2.56,4.06,3.31,2.38,1.0,2.31,1.25,3.0,2.0,1.56,4.06,1.0,2.13,2.88,3.0,3.75,3.25,3.18,1.56,3.0,1.0,4.06,0.43,2
3.88,3.88,3.62,3.0,4.0,1.0,1.75,1.0,3.0,3.75,3.62,2.25,2.12,3.0,3.12,3.62,2.62,2.5,2.88,2.75,2.62,1.88,2.88,4.12,1.0,4.62,3.0,3.0,3.88,3.0,2.88,1.88,3.0,2.0,4.0,0.01,0
3.25,3.75,3.12,3.12,3.25,1.0,1.12,1.0,2.75,3.12,2.75,1.88,2.0,2.25,2.0,3.0,3.0,1.12,2.75,2.0,3.0,2.12,1.88,3.12,1.0,1.12,3.0,3.12,3.38,2.88,2.62,2.25,3.12,1.0,3.25,0.08,3
3.32,3.69,3.44,3.25,3.82,1.88,2.06,1.0,3.0,3.44,3.06,1.75,1.82,2.82,4.06,3.19,2.25,2.75,1.88,2.75,2.38,1.88,2.69,3.94,1.88,2.87,2.75,2.88,3.5,3.06,2.94,1.68,3.0,1.88,3.68,0.38,0
3.5,4.06,3.63,3.06,4.06,1.0,1.18,1.0,3.18,3.69,3.32,1.75,1.75,2.69,2.75,3.25,2.56,1.38,2.32,2.0,3.0,1.68,1.93,3.94,1.0,3.37,3.63,3.88,4.0,3.12,3.0,1.82,3.06,1.25,3.75,0.02,2
2.38,2.88,2.5,2.38,3.0,2.75,2.38,1.62,1.88,2.88,1.88,1.62,1.75,1.88,2.0,2.88,1.88,2.62,1.75,3.25,1.88,1.5,3.25,3.0,2.75,2.0,2.0,2.5,3.0,2.12,2.12,1.88,2.88,3.0,2.5,0.97,1
3.12,3.62,3.38,3.0,3.75,3.0,2.62,2.0,2.62,3.12,2.62,2.12,2.12,2.62,2.75,3.12,2.25,2.5,2.0,3.0,2.5,1.88,2.88,3.88,3.5,1.75,2.88,2.88,3.25,3.12,2.88,2.0,2.88,3.5,3.25,0.84,0
3.0,4.0,2.88,3.0,3.12,1.0,1.0,1.0,2.38,3.12,2.38,1.62,1.75,2.12,3.0,3.12,2.88,1.62,1.5,1.62,3.0,1.38,2.25,3.5,1.0,1.0,3.5,3.0,3.88,2.25,2.12,1.25,2.88,1.5,3.12,0.98,3
2.0,3.0,2.5,2.38,2.88,2.5,2.25,1.62,2.12,2.5,2.12,1.5,1.5,2.0,1.88,3.12,1.88,3.0,1.75,3.38,1.62,1.25,2.88,2.75,2.25,1.12,2.12,2.25,2.88,2.12,2.0,1.25,2.62,2.5,2.38,0.73,1
2.62,2.88,2.62,2.75,2.88,2.12,2.38,2.0,2.0,2.88,2.0,1.62,2.12,1.88,2.25,2.88,2.0,2.38,1.25,2.25,2.0,1.0,2.12,2.38,2.62,1.12,2.38,2.5,2.5,1.88,1.75,1.62,2.5,2.38,2.0,0.57,1
3.5,3.5,3.25,3.62,3.88,2.88,2.88,1.38,3.0,3.62,2.88,1.75,2.12,2.38,2.62,3.5,2.62,3.25,1.38,3.25,2.88,1.5,2.88,3.12,2.25,2.0,3.62,3.38,3.5,2.88,2.88,1.75,3.12,2.62,2.88,0.17,0
3.12,4.0,3.12,3.75,3.62,1.0,1.0,1.0,2.62,3.25,2.5,2.12,1.75,2.75,3.12,3.0,3.88,1.75,1.75,1.75,3.62,1.62,2.12,3.38,1.0,1.12,3.5,3.75,4.0,2.62,2.62,1.62,3.38,1.75,3.38,0.86,2
2.75,3.75,2.75,3.0,3.12,1.0,1.0,1.0,2.62,2.38,2.12,1.38,1.38,2.0,2.0,2.88,2.25,1.0,1.12,1.62,2.62,1.38,1.88,3.12,1.0,1.0,3.62,3.12,3.88,2.0,2.0,1.0,2.88,1.38,3.0,0.96,3
2.88,3.25,2.88,3.12,3.12,3.25,2.5,1.5,3.0,2.88,2.5,1.75,2.25,2.5,2.88,3.38,2.88,3.75,1.12,3.88,2.88,1.62,3.38,3.5,3.0,2.88,3.0,3.12,3.25,2.88,2.88,1.5,2.88,3.0,3.12,0.86,0
3.38,3.88,3.12,3.38,3.5,1.0,1.38,1.0,2.88,3.5,2.75,2.25,2.12,3.12,2.12,3.25,3.0,1.38,2.25,1.25,3.25,1.88,1.62,3.5,1.0,1.25,2.75,3.12,3.62,2.88,3.0,1.62,3.12,1.25,3.38,0.02,2
2.38,2.88,2.62,3.0,3.0,2.38,2.38,1.25,2.5,2.88,2.25,1.62,1.88,1.88,2.25,3.0,1.88,3.0,1.88,2.75,1.88,1.0,2.5,2.38,2.25,1.25,2.0,2.75,2.75,2.0,2.0,1.88,3.0,2.75,2.0,0.83,1
2.62,3.75,2.88,2.88,3.0,1.0,1.0,1.0,2.75,2.88,2.75,1.0,1.0,2.38,1.0,3.0,2.5,1.0,1.75,1.25,2.5,1.0,1.0,3.88,1.0,1.5,2.12,3.75,3.88,2.0,2.0,1.25,3.0,1.0,2.88,0.37,3
3.12,3.38,2.88,3.0,3.12,1.0,1.0,1.0,3.38,3.0,3.38,1.25,1.5,2.5,2.0,3.12,2.12,1.62,1.88,1.88,2.62,1.75,2.0,3.12,1.0,1.38,3.0,3.12,3.62,2.25,2.25,1.75,2.88,1.62,3.0,0.13,3
3.12,4.0,3.12,3.0,3.25,1.0,1.0,1.0,2.25,3.12,2.88,1.75,2.12,2.5,3.0,3.12,2.0,2.12,1.75,2.25,2.5,1.5,2.12,3.75,1.0,1.88,3.12,3.12,3.75,2.38,2.12,1.75,3.0,1.75,3.0,0.92,3
2.88,4.0,2.88,3.5,3.0,1.0,1.0,1.0,2.0,3.0,2.0,1.75,1.75,2.0,2.0,3.0,2.75,1.0,1.25,1.38,3.0,1.25,1.25,3.0,1.0,1.0,4.0,4.0,4.0,2.0,2.0,1.75,3.0,1.25,2.75,0.21,3
2.88,3.0,2.88,2.88,3.0,2.88,2.25,1.38,2.12,2.75,2.0,1.62,1.88,2.25,2.12,3.0,2.25,3.25,2.0,3.62,2.38,1.0,3.12,2.75,2.25,1.0,2.38,2.88,3.0,2.25,2.25,1.88,3.0,2.75,2.25,0.67,1
3.0,3.75,2.75,3.0,3.12,1.0,1.0,1.0,2.88,2.88,2.62,2.12,2.0,2.38,2.62,3.0,3.5,2.0,1.5,2.0,3.88,1.25,2.0,3.0,1.0,1.0,3.75,3.5,3.75,2.0,2.0,1.88,3.0,1.75,3.0,0.92,3
2.88,3.38,2.88,3.12,3.25,1.0,1.0,1.0,3.0,2.88,2.75,1.38,1.75,2.25,2.0,3.25,2.38,2.0,1.12,2.38,2.38,1.12,2.0,2.88,1.0,1.75,4.0,3.88,3.0,2.12,2.25,1.25,3.0,1.88,2.88,0.74,3
3.5,4.0,3.38,3.75,3.75,1.0,1.0,1.0,2.88,3.12,2.62,1.88,1.5,2.88,2.12,2.88,4.0,1.25,1.75,1.25,4.0,1.5,1.0,4.0,1.0,1.62,3.0,3.88,4.0,2.5,2.5,1.38,3.75,1.0,3.62,0.24,2
3.25,3.5,3.13,3.0,3.5,2.25,2.06,1.44,2.88,3.18,2.94,1.82,1.94,2.5,3.06,3.18,2.56,2.82,2.06,2.94,2.62,1.88,2.31,3.63,2.25,2.82,2.68,2.82,3.38,2.87,2.81,1.56,3.0,2.37,3.31,0.97,0
3.25,3.92,3.45,3.25,3.62,1.29,1.34,1.04,3.04,3.37,2.96,2.04,2.25,2.92,2.63,3.33,2.96,2.29,2.63,2.5,3.0,1.63,2.12,3.88,1.21,2.92,3.21,3.37,3.83,3.04,3.0,1.71,3.08,1.88,3.5,0.02,2
2.75,3.12,3.12,3.0,3.62,3.75,2.88,3.75,2.88,3.12,2.88,2.0,2.0,2.62,2.62,3.12,2.88,3.38,1.88,3.62,2.88,1.75,3.25,3.0,3.62,1.75,3.0,3.0,3.0,2.75,2.62,1.88,3.25,3.75,2.75,0.59,1
3.0,3.25,3.0,3.0,3.25,3.38,2.88,3.38,2.75,3.0,2.62,1.88,1.88,2.38,2.75,3.12,2.38,2.88,1.25,3.12,2.62,2.0,3.12,3.25,3.5,1.75,2.5,3.0,3.25,3.0,2.88,1.88,3.12,3.0,3.0,0.93,1
2.12,2.75,2.12,2.5,2.5,1.0,1.0,1.0,1.62,2.25,1.62,1.12,1.12,1.38,1.62,2.88,1.75,1.5,1.0,1.62,1.88,1.0,1.88,2.25,1.0,1.25,1.88,2.12,2.75,1.88,1.62,1.0,2.25,1.5,2.25,0.41,3
3.75,4.25,3.88,3.0,4.25,1.0,1.0,1.0,2.75,4.12,3.0,1.75,1.62,2.62,2.12,3.62,3.25,1.0,1.88,1.5,3.0,1.5,1.12,4.25,1.0,1.62,3.0,3.88,4.0,2.75,2.75,1.75,3.25,1.0,4.12,0.64,2
3.5,4.0,3.25,3.38,3.88,1.25,1.62,1.0,4.0,3.38,4.0,1.75,2.25,2.62,2.5,3.88,2.75,1.88,2.62,2.0,2.88,1.75,2.0,4.0,1.38,1.88,3.25,3.88,4.12,3.0,3.0,1.75,3.0,1.88,3.62,0.26,2
2.25,3.88,3.12,3.12,3.12,1.0,1.0,1.0,2.12,2.88,2.12,1.38,1.62,2.62,2.12,3.0,1.88,1.25,1.62,1.75,2.12,1.38,1.12,3.5,1.0,1.12,3.62,3.0,4.0,2.0,2.0,1.25,3.12,1.0,3.12,0.81,3
3.0,3.62,3.12,3.82,3.56,2.06,2.56,1.44,3.19,3.25,3.06,2.38,2.5,3.68,2.75,3.56,3.06,2.82,2.25,2.94,3.19,1.38,3.06,3.5,2.06,1.75,3.0,3.12,3.68,2.94,2.94,1.69,3.56,2.31,3.0,0.17,0
2.75,3.0,2.88,2.88,3.12,3.0,2.62,2.0,2.5,2.75,2.62,2.0,2.0,2.38,2.38,2.88,2.38,3.88,1.5,3.62,2.38,1.0,3.0,2.75,3.0,1.25,2.75,2.75,2.75,2.12,2.25,1.88,3.0,3.0,2.5,0.83,1
2.25,2.88,2.25,2.88,3.0,1.88,1.62,1.0,2.0,2.88,2.12,1.75,1.75,1.88,2.25,3.0,1.75,2.88,1.12,2.88,1.88,1.5,2.38,3.0,1.75,1.12,2.62,2.75,3.0,2.12,2.0,1.25,3.0,2.12,2.88,0.94,1
2.62,2.88,2.88,2.62,2.88,3.38,2.5,2.12,1.88,2.88,1.88,1.88,2.0,2.0,2.0,2.88,1.88,3.0,1.5,3.0,2.0,1.38,3.0,2.88,3.5,1.62,2.88,2.62,2.88,2.88,2.75,1.0,2.88,3.25,2.62,0.94,1
3.62,3.38,3.62,2.88,3.75,1.0,1.0,1.0,2.75,3.25,2.88,1.38,1.38,2.62,4.38,3.0,2.62,1.0,1.88,1.38,2.75,3.0,2.25,3.75,1.0,2.12,2.88,2.88,3.38,2.5,2.5,1.88,3.25,1.0,3.5,0.66,2
3.12,4.0,3.25,2.88,3.75,1.0,1.0,1.0,2.88,3.88,2.75,2.12,2.0,2.62,3.25,2.88,2.88,1.25,1.75,1.88,2.88,1.62,1.5,3.88,1.0,1.0,3.0,3.25,4.0,2.62,2.25,1.88,3.12,1.0,3.38,0.98,2
2.0,3.0,2.38,3.0,3.0,2.62,2.62,2.75,2.0,2.88,2.12,1.5,1.5,2.0,2.0,2.62,2.0,3.12,1.0,3.0,2.0,1.0,3.0,2.88,2.75,1.0,2.0,2.62,3.0,2.0,1.88,1.62,2.88,2.75,2.0,0.62,1
3.25,4.0,3.5,3.25,4.0,1.0,1.12,1.0,2.5,3.75,2.5,2.12,1.75,2.75,2.88,3.38,3.12,1.12,1.5,1.88,2.88,2.12,2.62,4.12,1.0,1.38,3.12,3.38,3.88,3.0,2.88,1.75,3.0,1.62,3.62,0.98,2
3.88,3.88,4.0,3.12,4.0,1.12,1.12,1.0,3.0,4.0,3.25,2.0,2.25,3.0,3.38,3.75,3.0,1.88,2.75,2.5,3.0,2.0,2.75,4.12,1.0,4.0,3.0,3.12,3.88,3.75,3.25,1.88,3.25,1.88,4.0,0.06,2
2.0,4.0,2.38,2.5,3.0,1.0,1.0,1.0,2.25,2.38,1.5,1.25,1.25,1.62,1.38,2.25,3.0,1.12,1.38,1.25,4.12,1.25,1.12,3.25,1.0,1.0,3.5,3.25,4.12,1.75,1.62,1.25,2.38,1.0,2.5,0.99,3
3.12,4.0,3.12,3.12,3.5,1.0,1.0,1.0,2.75,3.12,2.25,1.88,1.88,1.88,2.25,3.12,3.75,1.75,1.75,1.62,3.75,1.5,1.25,3.38,1.0,1.0,3.12,3.75,4.0,2.25,2.25,1.62,3.0,1.0,3.25,0.85,3
3.75,4.38,3.75,3.75,3.75,1.0,1.25,1.0,3.88,3.88,3.75,2.62,2.5,2.88,3.0,3.38,3.12,2.25,2.5,2.25,3.5,1.62,1.88,4.0,1.0,2.75,3.62,3.88,4.12,3.62,3.62,1.88,3.38,1.38,3.88,0.01,2
2.75,3.0,2.88,3.0,2.88,2.88,2.12,1.12,2.88,3.0,2.5,1.62,1.88,2.38,2.38,3.12,2.0,3.88,1.25,3.88,2.5,1.25,3.12,3.0,2.75,1.88,2.38,2.75,3.0,2.88,2.62,1.25,3.0,2.88,2.88,0.97,1
2.88,3.38,3.25,3.0,3.75,2.75,2.75,1.12,3.0,3.25,2.5,1.75,1.75,3.0,2.62,3.62,2.62,3.38,1.75,3.62,2.75,1.0,2.75,2.75,2.88,1.25,2.75,3.12,3.12,2.12,2.12,1.0,3.5,2.75,2.25,0.65,1
3.62,3.88,3.88,3.25,4.12,1.0,1.25,1.0,3.0,3.75,3.38,1.88,1.75,2.75,3.88,3.75,3.0,1.25,3.88,2.88,3.12,2.12,3.25,4.0,1.0,4.0,2.88,3.0,3.88,3.38,3.5,3.25,3.25,2.0,3.88,0.02,2
2.88,3.0,2.88,2.88,2.88,3.25,2.38,1.38,2.38,2.88,2.12,1.75,1.88,2.12,2.0,3.12,2.0,4.12,1.75,3.25,2.25,1.12,2.88,2.88,2.88,1.5,2.25,2.75,2.88,2.0,2.0,1.75,3.0,3.0,2.0,0.95,1
2.38,3.12,2.88,2.88,3.0,1.0,1.25,1.0,2.5,2.88,2.12,1.88,2.0,2.12,2.25,3.0,2.38,2.0,1.38,2.25,2.75,1.62,2.12,3.12,1.0,1.0,2.62,2.88,3.25,2.12,2.12,1.88,3.0,2.0,2.62,0.98,3
3.38,3.88,3.75,3.0,4.0,1.0,1.5,1.0,3.0,3.75,3.12,1.75,1.88,2.88,3.75,3.38,2.5,2.0,3.25,2.5,2.62,2.88,2.38,4.0,1.0,3.88,2.88,2.88,3.88,3.62,3.62,2.38,2.88,1.5,3.88,0.43,0
3.0,3.0,3.0,2.88,3.12,3.0,3.12,1.62,2.12,3.12,2.12,1.38,1.62,1.88,2.75,3.12,1.88,3.25,2.88,3.25,1.88,1.62,3.25,2.88,2.88,1.75,1.75,2.5,2.88,2.75,2.38,2.75,3.12,3.0,2.25,0.84,1
2.0,3.0,2.75,3.0,2.88,3.25,2.12,1.0,2.12,2.75,1.88,1.5,1.75,1.88,2.12,3.25,1.88,4.12,1.12,4.0,1.88,1.0,2.88,2.5,2.75,1.38,2.0,2.5,2.75,2.0,2.0,1.5,2.88,3.12,2.25,0.82,1
2.0,3.0,2.25,2.75,3.0,1.0,1.0,1.0,1.12,2.62,1.75,1.12,1.38,1.0,1.62,2.62,2.0,2.25,1.75,2.25,2.0,1.0,1.75,2.62,1.0,1.0,2.62,3.0,3.0,2.0,2.0,1.0,2.88,1.12,2.12,0.68,3
2.88,4.12,2.62,2.5,3.0,1.0,1.0,1.0,2.12,3.0,2.12,1.0,1.12,1.75,1.75,3.12,1.88,1.12,1.62,1.5,1.88,1.38,1.62,4.0,1.0,1.5,2.12,2.75,3.0,1.88,1.88,1.12,3.0,1.0,3.88,0.89,3
3.62,4.0,3.88,3.75,4.0,1.0,1.0,1.0,3.75,4.0,3.75,2.75,2.75,2.88,3.0,3.88,3.12,1.0,3.12,1.88,3.38,1.75,2.88,4.0,1.0,3.25,3.88,4.0,4.0,3.12,3.25,1.75,3.25,1.5,3.88,0.0,2
2.88,3.5,2.88,2.88,3.12,1.0,1.0,1.0,2.88,2.88,2.25,1.62,1.5,2.38,3.0,3.12,2.5,2.0,1.12,2.0,2.75,1.25,1.88,3.12,1.0,1.0,3.12,3.12,3.25,2.12,2.38,1.38,3.0,1.5,3.0,0.98,3
3.0,3.62,3.25,3.0,3.62,1.75,1.38,1.12,2.75,3.25,2.75,1.62,1.75,2.75,2.75,3.62,2.62,3.12,2.12,3.25,2.62,1.38,2.75,3.62,1.75,1.88,2.62,2.75,3.5,2.88,2.75,1.62,3.0,2.25,3.12,0.64,0
2.94,3.56,3.19,3.68,3.5,1.25,1.5,1.0,3.0,3.25,3.0,2.18,2.25,3.68,2.38,3.44,2.81,2.18,1.62,2.56,3.0,1.32,2.32,3.31,1.25,1.32,2.88,3.12,3.75,2.75,2.88,1.62,3.5,1.88,3.12,0.42,2
3.0,4.0,3.12,3.88,3.12,1.0,1.0,1.0,2.75,3.12,2.75,1.75,1.88,2.38,2.12,3.88,2.62,1.25,1.62,2.0,2.75,1.38,2.0,3.75,1.0,1.12,3.12,3.12,4.0,2.88,2.75,1.62,3.75,1.62,3.12,0.96,2
2.75,3.0,2.88,3.0,3.38,1.75,1.75,1.0,2.5,2.88,2.75,1.62,1.62,2.38,2.88,3.12,2.5,2.0,1.25,2.62,2.88,1.75,3.0,3.25,1.62,1.5,3.0,3.0,3.12,2.38,2.25,1.38,2.88,1.75,2.88,0.95,3
2.25,3.12,2.88,3.0,3.0,2.25,2.0,1.0,3.0,2.75,2.38,1.88,2.0,2.75,2.0,3.12,2.25,2.75,1.38,3.0,2.38,1.62,3.12,3.0,2.0,1.0,2.25,3.0,3.0,2.25,2.12,1.5,3.0,2.12,2.75,0.97,1
3.0,3.12,3.12,2.25,3.5,3.38,3.0,1.88,1.62,3.12,2.62,2.0,2.25,2.0,2.38,2.88,2.0,2.12,1.88,3.0,2.12,1.75,3.38,3.12,3.75,2.12,2.38,2.75,3.0,2.12,2.12,2.12,3.12,3.88,2.62,0.97,1
3.62,4.38,3.75,3.62,4.0,1.0,1.0,1.0,3.25,3.88,3.5,1.0,1.0,2.75,2.75,4.0,3.38,1.0,1.75,1.75,3.5,1.75,1.38,4.25,1.0,2.0,3.75,4.0,4.25,3.12,3.12,1.62,3.38,1.0,4.0,0.0,2
3.0,3.5,3.19,3.31,3.37,1.0,1.0,1.0,3.12,3.31,3.12,1.5,1.62,2.32,1.87,3.69,2.88,1.44,1.5,1.88,3.25,1.0,1.94,3.0,1.0,1.37,3.56,3.56,3.44,2.25,2.63,1.82,3.19,1.63,3.0,0.08,3
3.0,4.0,3.75,3.12,3.75,1.0,1.88,1.0,2.75,3.25,2.75,2.0,2.0,2.75,2.75,3.12,2.88,2.0,3.25,2.38,3.12,1.88,2.75,3.88,1.0,2.62,2.88,3.12,3.5,3.0,3.0,3.12,3.25,1.75,3.12,0.04,0
3.25,3.88,3.0,2.88,3.38,1.38,1.75,1.0,2.88,3.25,2.88,1.5,1.88,2.5,2.38,3.0,2.75,1.38,2.5,2.0,2.88,1.38,1.62,3.0,1.0,1.62,3.62,3.12,3.75,2.25,2.25,1.75,3.0,1.5,2.88,0.11,3
2.75,2.88,2.75,3.0,3.12,3.12,2.12,1.12,2.12,3.0,2.62,1.38,1.62,2.0,2.38,3.12,1.88,3.62,1.12,3.62,1.88,1.38,3.12,3.12,3.12,1.88,2.0,2.62,3.0,2.62,2.12,1.38,3.12,3.12,2.75,0.83,1
3.12,3.38,3.38,3.0,3.62,4.0,3.38,3.5,2.25,3.38,2.38,1.62,1.75,2.12,2.25,3.12,2.0,3.25,1.62,3.62,2.38,1.38,3.5,3.12,4.0,1.88,2.5,2.62,3.0,3.12,3.0,1.88,3.0,4.0,2.75,0.39,1
3.0,3.75,3.0,3.12,3.75,2.0,2.12,1.25,3.12,3.25,3.0,2.0,2.0,2.88,2.75,3.12,2.25,2.75,1.88,2.88,2.88,2.0,2.62,3.38,2.0,2.75,3.0,3.12,3.25,3.0,2.75,2.0,3.25,2.0,3.0,0.42,0
2.0,3.0,1.88,2.88,3.0,1.38,1.75,1.0,2.0,2.75,2.0,1.75,1.88,2.0,2.0,2.88,1.88,2.0,1.62,2.0,2.0,1.0,2.0,2.75,1.62,1.5,2.38,2.88,2.38,1.88,2.0,1.38,3.0,1.88,2.0,0.75,3
2.12,2.88,2.25,3.0,2.75,3.0,2.0,1.0,2.0,2.75,2.12,1.62,1.88,1.88,2.12,2.75,2.0,3.88,1.62,3.25,2.0,1.25,2.0,2.88,2.25,1.25,2.12,2.62,2.75,2.0,2.12,1.62,3.0,3.0,2.5,0.93,1
2.88,3.12,3.0,3.0,3.62,3.12,2.12,1.0,2.5,3.0,2.25,1.62,2.0,2.25,2.25,3.12,2.25,3.88,1.0,4.0,2.25,1.38,3.0,3.12,3.0,1.88,2.25,2.75,3.0,2.62,2.0,1.88,3.0,3.12,3.0,0.91,1
3.38,4.12,3.75,3.0,3.88,1.0,1.25,1.0,2.25,3.38,2.5,1.75,1.88,2.25,2.25,3.38,2.88,2.12,1.88,1.88,2.88,1.75,1.75,3.88,1.0,1.5,3.0,3.5,4.0,2.88,2.75,1.62,3.0,1.38,3.62,0.31,2
3.75,4.25,3.5,3.5,4.12,1.0,1.0,1.0,3.38,3.88,3.25,2.0,2.0,3.0,2.0,4.0,3.25,1.62,2.0,2.0,3.88,1.75,2.0,4.0,1.0,2.0,3.88,4.12,4.25,3.25,3.25,1.75,3.0,1.5,4.0,0.03,2
3.25,4.0,3.38,3.88,3.25,1.0,1.0,1.0,4.12,3.5,4.0,1.12,1.75,3.0,2.25,4.0,3.12,1.0,1.62,1.88,3.25,1.25,1.88,3.88,1.0,1.38,3.62,4.12,4.0,2.88,3.0,1.62,3.75,1.5,3.25,0.15,2
3.0,4.0,3.0,3.0,3.38,1.0,1.0,1.0,2.5,3.0,2.5,1.62,1.62,2.38,2.0,3.38,2.62,1.25,1.75,1.75,2.88,1.75,1.25,4.0,1.0,1.12,3.0,3.38,3.75,2.25,2.25,1.62,3.12,1.0,3.5,0.9,3
3.12,4.0,3.38,3.25,4.0,1.38,1.75,1.12,3.38,3.75,3.12,2.0,2.0,2.88,2.12,3.88,3.0,2.0,2.75,2.25,3.0,1.62,2.0,4.0,1.38,2.62,4.0,4.0,4.0,3.12,3.12,1.88,3.62,2.0,3.88,0.02,2
3.0,3.75,2.88,3.0,3.12,1.5,1.62,1.0,2.62,3.0,2.12,2.0,2.0,2.75,2.0,3.0,2.38,2.12,2.0,2.75,2.25,1.25,2.25,3.0,1.5,2.62,3.12,3.12,3.88,2.12,2.12,1.88,3.12,2.0,3.12,0.54,3
2.38,3.25,2.25,2.88,3.0,1.0,1.0,1.0,2.88,2.88,2.38,1.88,1.5,2.25,3.25,3.0,2.88,2.0,1.12,2.12,2.88,1.25,2.0,3.0,1.0,1.0,3.0,3.0,3.5,2.0,2.0,1.0,3.0,1.38,3.0,0.39,3
3.75,4.25,3.75,3.75,3.75,1.0,1.0,1.0,4.0,3.88,3.62,2.75,2.75,3.38,1.88,3.5,3.75,1.38,1.75,1.75,3.88,1.5,1.0,3.88,1.0,1.38,4.0,4.12,4.75,2.88,3.0,1.5,3.88,1.0,3.88,0.01,2
2.62,3.5,2.88,3.25,3.25,2.25,2.0,1.25,2.88,3.12,2.38,1.62,1.62,2.88,2.0,2.88,2.62,3.12,2.25,3.0,3.0,1.0,2.5,2.75,2.25,1.12,3.0,3.12,3.5,2.25,2.25,1.5,3.0,2.38,2.62,0.83,1
2.75,3.12,3.0,3.0,3.0,3.12,2.62,1.12,2.75,3.0,2.75,1.62,2.0,2.0,2.88,3.62,2.0,4.0,1.62,3.88,2.0,1.62,3.12,3.0,3.12,2.62,2.5,2.75,3.12,2.88,2.88,1.5,3.0,3.12,2.75,0.61,1
2.88,3.75,2.88,3.0,3.5,1.0,1.0,1.0,2.62,3.0,2.75,1.62,1.75,2.0,2.0,3.0,2.75,2.0,1.5,2.0,2.88,1.12,1.75,3.0,1.0,1.12,3.0,3.0,3.62,2.0,2.0,1.12,3.0,1.25,3.0,0.21,3
3.0,3.25,3.0,3.0,3.5,2.62,2.62,1.62,2.88,3.0,2.5,1.88,2.0,2.62,2.0,3.62,2.75,3.38,1.75,3.25,2.88,1.25,3.0,3.12,2.25,2.0,2.88,3.0,3.12,2.75,2.12,1.5,3.0,2.88,3.0,0.53,1
3.0,3.62,3.38,3.0,3.5,3.25,3.25,3.0,2.62,3.0,2.62,1.75,2.12,2.5,1.88,3.0,2.75,2.75,2.12,3.12,2.5,2.12,3.25,3.12,3.62,1.88,3.0,2.88,3.25,2.75,2.38,2.0,3.25,3.38,3.0,0.74,0
3.0,3.38,3.5,3.0,3.75,3.88,3.0,2.75,2.88,3.25,2.62,1.5,1.75,2.62,2.12,3.12,2.38,2.5,2.25,3.75,2.88,1.62,3.75,3.25,3.88,2.88,2.75,2.88,3.38,3.0,2.88,1.88,3.12,3.88,3.25,0.7,0
3.12,3.88,3.38,3.5,3.75,1.38,1.88,1.5,3.0,3.38,2.88,2.75,2.75,2.88,3.0,3.12,3.0,1.75,3.75,2.0,3.0,1.75,2.25,3.88,1.38,1.75,3.0,3.0,3.75,3.0,2.88,1.88,3.75,1.5,3.25,0.01,2
3.0,3.75,2.88,3.0,3.5,2.12,1.62,1.0,3.0,3.0,2.75,1.5,1.88,2.25,2.0,3.12,2.38,2.25,1.75,2.88,3.0,1.38,2.38,3.0,1.88,2.38,3.12,3.12,3.5,2.0,2.12,1.88,3.0,2.25,3.12,0.68,3
2.0,3.0,2.25,2.0,3.0,1.88,1.88,1.12,2.0,2.75,2.0,1.5,1.62,1.88,1.88,3.0,1.75,3.25,1.38,3.12,1.88,1.25,2.62,2.25,1.75,1.0,2.12,2.38,2.62,1.88,1.75,1.62,2.75,2.12,2.0,0.94,1
2.38,3.0,2.5,2.62,3.0,2.62,2.25,1.62,2.38,2.62,2.38,1.75,1.75,2.38,2.0,3.0,1.88,3.5,1.75,3.62,1.88,1.0,3.12,2.5,2.5,1.0,2.0,2.5,3.12,2.25,2.25,1.38,2.5,2.88,2.38,0.96,1
3.0,3.25,2.88,3.0,3.25,1.62,1.75,1.0,2.5,3.0,2.38,1.75,1.88,2.38,2.75,3.0,2.62,2.75,1.62,2.88,2.75,1.5,2.5,2.88,1.38,1.75,2.62,2.75,3.12,2.5,2.12,1.38,2.88,2.0,3.0,0.97,3
3.12,4.0,3.25,3.75,3.75,1.0,1.12,1.0,3.0,3.25,3.0,2.88,2.88,3.38,2.25,3.38,3.62,1.62,2.75,2.25,3.0,1.38,2.25,4.0,1.0,1.0,3.25,3.25,3.88,3.12,2.75,1.5,4.0,1.88,3.75,0.73,2
2.12,3.0,2.62,2.75,2.88,2.62,2.5,1.75,2.0,2.88,2.0,1.62,1.75,2.0,2.5,3.0,2.0,3.38,1.62,3.75,2.0,1.38,2.88,2.88,2.5,1.62,2.0,2.62,2.88,2.12,2.12,1.62,3.0,2.62,2.5,0.97,1
3.88,4.0,3.62,3.75,3.75,1.0,1.0,1.0,4.25,3.62,4.25,1.88,2.0,2.88,2.88,3.88,3.0,1.0,1.25,1.88,3.12,1.25,1.75,3.88,1.0,2.0,3.25,3.88,4.12,3.0,3.0,1.75,3.75,1.0,3.88,0.17,2
3.38,4.0,3.62,3.12,3.88,1.0,1.0,1.0,2.88,3.5,2.88,1.88,1.88,2.88,2.38,3.12,2.62,1.88,2.12,1.88,3.0,1.5,2.0,3.88,1.0,3.38,3.5,3.75,3.88,3.12,3.12,1.75,3.25,1.38,3.75,0.03,2
3.25,4.0,3.0,3.0,3.88,1.0,1.0,1.12,2.88,3.12,2.88,1.88,1.62,2.25,3.25,3.25,3.0,1.38,1.75,1.75,2.88,1.62,2.0,4.0,1.0,1.0,2.88,3.0,4.0,2.5,2.5,1.5,3.0,1.0,3.25,0.93,3
2.62,2.88,3.0,3.0,3.12,2.62,2.62,2.12,2.25,3.12,2.25,1.75,1.75,2.25,2.5,3.12,1.75,3.38,1.75,3.5,2.38,1.5,3.12,2.88,2.75,1.88,2.25,2.75,3.0,2.38,2.38,1.88,2.88,3.0,2.62,0.91,1
3.25,4.12,3.62,3.0,3.75,1.0,1.0,1.0,3.0,3.62,3.0,2.88,1.88,2.12,3.62,3.12,3.0,1.0,2.5,1.62,3.38,1.62,1.75,4.12,1.0,1.38,3.62,3.62,4.0,3.38,3.38,1.5,3.0,1.0,3.88,0.58,2
2.25,3.0,2.88,2.25,3.12,3.0,2.62,1.5,2.0,3.0,2.0,2.12,2.25,2.0,2.0,2.62,2.25,2.75,2.0,3.12,2.12,1.0,3.0,2.88,3.88,1.75,2.75,2.75,3.0,2.0,2.12,1.88,2.38,3.0,2.25,0.99,1
3.12,3.5,3.88,2.88,4.0,4.88,3.38,2.75,2.88,3.5,2.75,1.62,2.12,2.62,2.88,3.62,2.12,3.75,2.12,4.25,2.75,1.62,3.75,4.12,4.88,2.38,2.75,2.88,3.25,3.25,3.25,1.88,3.0,4.5,3.0,0.71,0
3.69,4.0,3.5,3.18,3.87,1.62,1.75,1.12,2.94,3.81,3.0,1.94,2.18,2.81,2.94,3.82,2.75,2.0,2.0,2.82,2.88,1.63,2.63,3.94,1.5,3.31,3.62,3.56,3.81,2.94,3.0,1.82,3.32,2.25,3.56,0.14,2
3.88,4.12,3.75,3.12,4.12,1.0,1.12,1.0,3.25,3.25,3.38,1.88,2.0,3.0,2.75,3.5,2.62,1.5,1.5,1.75,2.88,1.5,1.62,4.12,1.0,3.0,2.75,3.12,4.25,3.0,2.88,1.5,3.0,1.0,4.25,0.01,2
4.0,4.38,4.0,4.12,4.0,1.0,1.0,1.0,3.88,4.0,3.75,3.12,2.38,4.25,3.0,4.0,3.88,1.25,2.38,1.5,3.75,2.0,1.62,4.25,1.0,1.5,3.75,4.0,4.25,3.62,3.88,1.5,4.0,1.0,4.12,0.01,2
3.0,3.12,3.12,3.0,3.38,1.0,1.25,1.0,2.62,2.88,2.5,1.62,1.88,2.62,3.25,3.12,2.38,2.5,2.0,2.38,2.88,2.25,2.25,3.88,1.12,1.62,2.88,2.88,3.12,2.62,2.62,1.75,2.88,1.75,3.25,0.96,3
2.62,3.0,2.38,2.5,2.75,1.75,1.75,1.0,2.38,2.75,2.25,1.62,1.62,2.25,1.62,3.0,2.25,2.75,1.62,2.88,2.25,1.0,2.25,2.75,1.75,1.0,2.38,2.88,2.88,2.0,2.0,1.0,2.88,2.12,2.12,0.71,1
2.62,3.12,3.0,2.5,3.38,2.88,2.88,3.0,2.38,2.88,2.38,2.0,2.12,2.38,2.62,2.62,2.12,3.0,1.25,2.88,2.25,1.62,3.12,3.0,3.5,1.0,3.12,2.75,3.12,2.5,2.12,1.75,3.25,3.0,2.75,0.77,1
2.38,3.0,2.62,2.88,2.88,3.0,2.62,1.38,2.5,2.75,2.25,1.5,1.62,2.25,2.0,2.75,2.0,3.0,2.0,3.25,2.0,1.0,2.62,2.88,3.12,1.0,2.38,2.75,2.75,1.88,1.75,1.62,2.88,2.88,2.5,0.82,1
2.88,3.0,2.88,3.12,3.12,3.5,3.12,1.25,2.38,3.0,2.62,1.75,2.0,2.5,2.5,3.75,2.0,3.5,1.0,3.62,2.12,1.0,3.12,2.75,3.38,1.38,2.38,2.75,2.88,2.12,1.88,1.75,2.62,3.38,2.38,0.37,1
3.12,3.75,3.75,3.0,3.75,1.0,1.0,1.25,2.5,3.25,2.38,2.0,2.0,2.62,3.12,3.0,2.12,1.12,3.12,2.25,2.62,4.75,3.5,3.38,1.0,2.75,2.25,3.12,3.12,3.38,3.12,2.75,3.12,2.25,3.25,0.48,0
3.12,3.62,3.25,3.0,3.75,3.12,2.75,2.0,2.5,3.12,2.88,1.88,2.12,2.62,2.75,3.5,2.38,3.0,2.12,3.5,2.38,2.12,2.88,3.12,2.75,1.88,2.38,3.0,3.12,2.88,2.75,2.25,3.12,3.0,3.25,0.74,0
2.12,2.75,2.62,2.62,3.0,2.75,2.0,1.5,2.0,2.75,2.0,1.5,1.75,2.0,2.0,3.0,1.88,3.12,1.88,3.12,1.88,1.12,3.0,2.38,2.62,1.25,1.88,2.5,2.62,2.0,2.0,1.38,2.75,3.0,1.75,0.86,1
2.38,3.12,2.62,3.0,2.88,1.0,1.25,1.0,2.38,2.62,2.0,1.75,2.0,2.25,2.12,2.88,2.25,2.0,1.0,2.25,2.25,1.0,2.25,3.12,1.0,1.0,3.0,2.62,3.0,1.75,1.88,1.12,3.12,1.88,2.25,0.94,3
3.75,4.0,4.0,3.0,4.0,1.38,1.38,1.0,2.88,3.62,3.0,2.12,2.12,2.5,3.5,3.12,2.62,2.0,3.12,2.75,3.12,1.88,2.88,4.0,1.38,4.0,2.75,3.0,3.75,3.0,3.12,1.88,3.0,2.0,3.88,0.02,0
4.12,4.0,3.88,3.0,4.0,1.0,1.62,1.0,3.25,4.0,3.38,1.75,1.88,2.88,3.62,3.62,2.88,1.88,2.88,2.75,2.88,2.0,2.25,4.0,1.0,4.12,3.12,3.0,4.12,3.75,3.25,1.75,3.12,1.75,4.25,0.0,2
3.25,3.88,3.0,3.12,3.38,1.62,1.38,1.12,3.25,3.12,3.25,1.75,2.0,2.62,2.12,3.38,2.88,1.88,1.62,2.38,2.88,1.38,1.88,3.62,1.25,1.88,3.88,3.88,3.88,3.0,2.88,1.75,3.5,2.0,3.25,0.03,2
3.5,4.12,3.88,3.75,3.88,1.0,1.0,1.0,3.0,3.75,2.88,2.88,2.88,3.0,3.12,3.12,3.12,2.0,3.75,2.0,3.12,1.5,2.5,4.12,1.0,2.75,3.25,3.62,4.12,3.12,3.12,1.75,3.5,1.75,3.62,0.04,2
3.0,3.38,3.12,3.12,3.12,3.0,2.62,3.0,2.5,3.12,2.75,1.5,1.62,2.88,2.0,3.25,2.0,3.25,1.88,3.25,2.62,1.25,3.12,3.0,3.12,1.75,2.62,2.75,2.88,3.12,2.88,1.88,3.0,3.38,2.5,0.1,1
2.62,3.0,2.88,2.75,3.0,2.62,2.38,1.88,2.25,2.88,2.12,1.62,1.75,2.12,2.12,3.38,1.75,3.75,2.0,3.75,2.0,1.25,3.0,3.0,2.75,1.75,2.0,2.88,3.12,2.25,2.12,1.75,2.75,3.0,2.75,0.93,1
3.12,3.75,3.25,3.12,3.75,2.25,2.12,1.0,2.88,3.12,2.75,2.12,2.12,3.0,2.62,3.62,3.12,3.0,1.88,3.0,3.12,1.0,2.62,3.0,2.25,2.0,3.25,3.38,3.62,2.88,2.62,1.62,3.5,2.5,3.62,0.66,0
3.0,3.38,3.0,3.25,3.38,2.25,2.75,2.25,2.62,3.0,2.75,1.88,2.38,2.62,3.0,3.38,2.5,2.88,1.75,2.88,2.5,1.5,3.12,3.12,2.38,1.38,2.75,2.75,3.12,2.5,2.62,1.75,3.0,2.38,2.88,0.72,0
3.12,3.88,3.0,3.88,3.62,1.88,1.75,1.0,3.12,3.12,3.12,3.0,3.0,3.88,2.88,3.88,3.12,2.0,2.5,2.62,3.0,1.5,2.88,3.75,1.75,1.62,3.75,3.62,3.88,3.0,3.0,1.25,3.5,2.0,3.0,0.08,2
3.0,3.88,3.38,3.0,3.75,3.0,2.75,1.5,3.0,3.25,2.88,1.88,2.12,2.62,2.75,3.25,2.75,2.75,2.38,3.5,2.88,1.38,3.75,3.62,3.0,1.88,3.12,3.5,3.62,2.88,2.5,2.38,3.0,3.62,3.0,0.45,0
3.62,3.75,3.62,3.0,4.0,2.75,2.5,1.0,3.0,3.25,3.0,1.88,2.25,2.75,3.75,3.5,2.12,2.25,2.5,3.0,2.5,2.12,3.25,4.0,2.12,4.12,2.5,3.0,3.88,3.12,3.12,1.62,3.0,2.88,3.75,0.1,0
3.0,3.88,3.12,3.0,3.25,1.38,1.62,1.38,3.0,3.12,2.88,1.75,2.12,2.25,2.25,3.12,2.5,1.75,1.38,2.5,2.5,1.5,2.38,3.62,1.75,2.38,2.75,2.88,3.62,2.75,2.75,1.88,2.75,1.75,3.25,0.59,3
2.94,3.69,3.18,3.0,3.44,2.25,2.31,1.12,2.68,3.06,2.63,1.81,2.06,2.56,2.38,3.18,2.25,2.82,1.75,3.0,2.25,1.75,2.87,3.44,1.88,3.18,2.62,2.94,3.25,2.44,2.18,1.81,3.06,2.56,3.06,0.47,0
2.88,3.0,3.38,2.75,3.75,4.0,3.62,2.88,2.62,3.0,2.62,1.62,1.75,2.0,2.5,2.88,2.25,3.12,1.12,3.75,2.12,2.0,3.88,2.88,4.0,1.75,2.12,2.75,2.88,2.38,2.38,1.5,3.0,4.12,2.88,0.9,1
2.88,3.0,3.0,3.0,3.0,2.38,2.88,2.25,2.38,2.88,2.12,1.88,2.0,2.0,2.38,3.0,2.12,2.25,1.62,2.88,2.25,1.0,2.38,2.88,2.62,1.0,2.25,3.0,3.0,2.0,2.0,1.88,2.88,2.25,2.25,0.92,1
3.48,3.77,3.76,3.05,3.97,1.89,2.2,1.34,2.98,3.63,3.03,2.14,2.17,2.8,3.58,3.45,2.8,2.55,3.16,2.98,2.92,2.39,2.97,3.92,1.88,3.44,2.77,3.0,3.62,3.45,3.31,2.75,3.12,2.45,3.77,0.01,0
3.75,4.0,3.75,3.25,4.0,1.88,2.25,1.0,3.12,3.25,3.12,1.75,2.0,2.5,3.0,3.38,2.75,2.25,3.12,3.0,3.0,1.38,3.0,4.0,2.0,2.88,3.75,3.75,4.0,2.88,2.88,2.88,3.12,2.12,4.0,0.0,0
3.0,3.75,3.0,3.12,3.12,1.12,1.25,1.0,3.0,2.88,2.88,2.25,2.38,2.5,2.25,3.0,2.88,1.62,1.0,2.0,3.12,1.25,2.25,3.0,1.0,1.0,3.62,3.25,3.12,2.25,2.25,1.5,3.0,1.88,2.75,0.77,3
2.62,3.62,2.88,3.0,3.25,1.25,1.38,1.0,2.38,3.0,2.5,1.75,1.5,2.75,2.38,3.0,2.12,1.5,1.25,1.75,2.38,1.75,1.75,3.38,1.25,1.12,3.12,3.25,3.62,2.5,2.25,1.5,3.12,1.25,3.38,0.46,3
2.88,3.0,3.0,2.88,3.25,1.0,1.75,1.0,2.12,3.0,2.75,2.5,2.88,2.62,2.25,3.0,2.12,2.38,2.12,2.38,2.75,1.25,2.25,3.0,1.12,1.38,3.12,3.0,3.0,2.25,2.25,1.62,3.0,2.0,2.88,0.3,3
2.0,2.88,2.25,2.62,2.75,2.12,2.0,1.0,2.0,2.25,2.0,1.62,1.75,1.88,2.0,2.88,1.88,2.62,1.62,2.75,1.88,1.25,2.62,2.62,2.12,1.25,2.12,2.62,2.75,2.0,1.88,1.25,2.25,2.12,1.88,0.66,1
3.82,4.06,3.38,3.38,3.75,1.0,1.18,1.0,3.94,3.69,3.94,1.68,1.87,2.88,2.06,3.94,3.0,1.81,2.25,2.18,3.06,1.56,2.0,3.94,1.0,2.38,4.0,3.94,4.0,3.06,3.06,1.94,3.38,1.75,3.88,0.0,2
2.5,3.38,2.38,3.0,3.38,1.5,1.12,1.12,2.38,2.88,2.38,1.25,1.25,2.0,1.75,3.38,2.25,2.88,1.12,3.12,2.38,1.0,2.25,3.0,1.5,1.0,3.0,3.25,3.12,1.88,1.75,1.25,2.88,2.38,2.62,0.89,3
3.12,3.62,3.12,3.0,3.5,1.12,1.12,1.0,3.25,3.12,3.0,2.12,2.12,2.62,2.5,3.25,2.88,2.12,1.88,2.62,3.25,1.62,2.75,3.38,1.25,1.88,3.25,3.38,3.5,2.75,3.0,1.88,3.0,2.38,3.5,0.48,0
3.75,4.0,3.38,3.12,3.88,1.0,1.0,1.0,3.0,3.88,3.0,3.25,1.88,3.62,3.0,3.38,3.12,1.0,2.75,1.5,3.0,1.75,1.5,4.0,1.0,1.0,3.12,3.5,4.0,3.25,3.25,1.5,3.62,1.0,4.0,0.96,2
3.0,3.5,3.12,3.38,3.25,1.5,1.25,1.0,3.0,3.0,3.0,1.5,1.75,2.12,2.0,3.25,2.5,1.88,1.88,2.38,2.88,1.12,2.12,3.12,1.5,1.62,3.75,3.62,3.62,2.12,2.12,1.5,3.0,1.88,3.12,0.27,3
3.38,3.75,3.25,3.12,3.75,1.0,1.0,1.0,3.0,3.38,2.88,3.25,2.88,2.75,3.12,3.12,4.0,1.38,2.12,1.75,3.75,1.75,2.25,3.25,1.0,1.75,3.12,3.25,3.75,2.62,3.0,1.62,3.0,1.0,3.0,0.29,2
2.75,3.0,3.0,2.12,3.0,2.75,2.62,1.88,2.25,3.0,2.12,1.62,1.88,2.0,2.5,3.12,2.0,3.12,1.75,3.62,2.12,1.25,2.88,3.12,2.62,1.75,2.0,2.75,3.0,2.12,2.0,1.88,3.0,2.75,2.25,0.94,1
2.62,3.12,2.62,3.0,3.12,3.12,2.75,2.38,2.12,2.88,2.5,1.25,1.5,1.88,2.0,3.12,1.88,3.12,1.62,3.12,1.88,1.38,3.0,2.62,3.12,1.12,2.38,2.62,3.0,2.12,2.12,1.62,2.75,3.12,2.12,0.79,1
2.88,3.25,3.0,3.0,3.12,2.88,2.25,1.0,2.38,3.0,2.25,1.75,1.88,2.5,2.25,2.88,2.38,3.0,1.25,3.0,2.38,1.0,2.38,3.0,2.25,2.0,2.5,3.0,3.12,2.12,2.12,1.38,3.12,2.25,2.5,0.97,1
2.88,3.5,2.88,3.0,3.25,1.0,1.38,1.12,2.25,3.12,2.38,1.62,2.0,2.25,2.0,2.75,2.38,1.75,2.38,1.75,2.88,1.5,2.12,3.0,1.0,1.25,2.88,3.0,3.25,2.38,2.25,1.75,3.0,1.62,2.88,0.48,3
2.75,3.25,2.5,3.0,3.0,1.0,1.0,1.0,2.5,2.62,2.5,1.0,1.0,2.38,1.38,2.88,2.0,1.0,1.5,1.38,2.5,1.0,1.0,2.75,1.0,1.0,2.75,2.88,2.88,2.0,1.75,1.12,2.88,1.0,2.5,0.13,3
3.12,4.0,3.88,3.5,3.88,1.62,2.12,1.0,3.0,3.75,2.88,2.88,3.12,3.12,2.88,3.75,3.25,2.88,2.88,3.0,3.12,1.5,2.5,3.88,1.62,2.75,3.0,3.25,3.88,3.62,3.62,2.12,3.5,2.0,3.75,0.01,2
3.12,3.88,3.12,3.75,3.12,1.0,1.5,1.0,2.75,3.12,2.75,2.62,2.75,2.88,2.5,3.0,3.12,2.12,2.0,2.0,3.75,1.88,2.12,3.25,1.12,1.0,4.12,3.88,4.0,2.75,2.62,1.75,3.25,1.5,3.12,0.06,2
3.75,4.0,3.62,3.88,3.75,1.0,1.0,1.0,4.0,3.62,4.25,3.62,2.88,3.5,2.88,3.88,3.0,1.0,3.0,1.75,3.62,1.5,2.0,4.0,1.0,1.5,3.62,3.88,4.0,3.12,3.25,1.75,3.5,1.0,3.88,0.01,2
2.25,2.62,2.5,2.38,2.88,1.62,2.25,1.5,2.0,2.88,2.0,1.62,1.62,1.88,2.12,3.0,1.88,2.62,1.75,2.75,1.88,1.0,3.12,2.5,1.88,1.62,2.12,2.25,2.62,2.25,2.12,1.5,2.75,2.5,1.75,0.94,1
3.5,3.75,3.88,3.0,3.88,1.0,1.5,1.38,3.0,3.75,3.0,1.75,1.88,2.75,3.0,3.25,2.0,1.5,3.12,2.75,2.62,3.38,2.5,3.75,1.12,2.0,2.88,2.88,3.38,3.12,3.12,2.38,2.88,2.5,3.25,0.03,0
3.12,4.0,3.0,3.88,3.62,1.12,1.12,1.0,3.25,3.0,3.0,1.38,1.5,2.75,2.0,4.0,3.0,1.62,1.88,2.0,3.12,1.5,2.0,3.75,1.0,2.0,3.62,4.12,3.88,2.75,2.62,1.88,3.0,2.0,3.25,0.04,2
3.88,3.88,4.12,3.62,4.0,1.88,2.12,1.0,2.88,4.12,2.88,2.0,2.0,2.75,2.62,3.88,2.62,2.88,3.12,2.75,2.75,1.5,2.75,4.0,1.88,3.5,3.25,3.75,3.88,3.25,3.0,2.0,3.38,1.88,3.5,0.0,2
3.75,4.0,3.88,3.38,4.0,1.0,1.88,1.0,3.38,4.0,3.0,2.38,2.25,2.62,3.0,2.88,3.88,1.62,2.75,1.88,4.12,1.88,1.88,4.0,1.0,2.12,3.75,4.0,4.12,3.62,3.5,2.75,3.5,1.75,3.75,0.0,2
3.0,3.12,3.0,3.0,3.5,2.75,2.75,3.12,3.0,2.88,2.62,1.88,1.88,2.88,2.5,3.0,2.62,2.75,1.88,3.0,2.88,1.0,3.25,3.12,3.0,1.0,3.0,3.0,3.12,2.12,2.25,2.0,2.88,2.88,2.75,0.91,1
2.62,3.0,2.75,2.88,3.0,2.0,2.25,1.25,2.25,2.62,2.12,2.0,2.0,2.12,2.25,2.88,2.5,3.0,1.88,2.88,2.62,1.0,2.62,2.62,2.12,1.0,2.38,2.75,3.0,2.0,2.0,1.75,2.75,2.38,2.12,0.83,1
2.62,2.88,2.88,2.88,3.0,2.75,2.75,1.5,2.25,3.0,2.25,1.62,2.12,2.12,2.75,3.12,2.0,4.0,1.62,4.0,2.0,1.75,3.5,3.12,2.62,1.5,2.12,2.62,3.0,2.38,2.25,1.62,2.75,3.0,2.38,0.95,1
2.12,2.88,2.75,2.25,2.88,2.75,2.62,1.62,2.12,2.75,2.12,1.5,1.5,2.0,2.0,2.88,1.62,2.75,1.62,3.0,2.0,1.38,3.25,2.75,3.38,2.0,2.62,2.75,2.75,2.12,2.0,1.62,2.75,3.25,2.5,0.98,1
3.5,3.75,3.25,2.75,3.88,2.12,1.88,1.0,2.38,3.12,2.88,1.88,2.25,2.12,3.0,3.25,1.88,2.62,1.88,3.0,2.0,1.88,2.88,4.0,1.75,3.75,2.25,2.75,3.25,3.0,2.75,1.88,2.88,2.62,3.38,0.3,0
3.25,4.0,3.25,3.5,3.75,1.62,1.5,1.0,3.0,3.25,3.0,1.5,1.62,2.5,2.0,4.0,3.25,2.12,1.38,2.75,3.38,1.5,2.25,3.62,1.62,1.38,3.0,4.0,3.88,2.75,2.62,1.62,3.0,2.12,3.0,0.6,2
3.38,3.88,3.12,3.0,3.75,1.0,1.0,1.0,2.88,3.12,2.88,2.0,1.75,2.88,3.12,3.12,3.0,1.0,2.5,1.5,3.0,1.62,1.38,3.88,1.0,1.88,3.0,3.0,3.88,3.12,3.12,1.5,3.0,1.0,3.38,0.47,2
2.38,2.5,2.62,3.0,2.62,2.12,2.5,1.25,2.12,2.88,2.12,1.62,1.88,2.12,2.38,2.75,1.88,2.75,1.88,2.75,2.0,1.0,3.0,2.12,2.0,1.62,2.38,2.62,2.88,2.0,1.88,1.38,2.75,2.12,1.88,0.88,1
3.0,3.88,3.0,3.25,3.5,1.5,2.12,1.0,2.88,3.0,2.62,1.88,2.0,2.75,2.88,3.0,2.75,2.38,2.12,2.5,3.25,1.5,2.62,3.75,1.88,1.75,3.5,3.25,4.0,2.12,2.5,1.88,3.0,2.0,3.25,0.71,0
3.5,4.0,3.62,3.88,3.62,1.0,1.0,1.0,3.25,3.88,3.25,2.88,2.88,4.0,3.0,4.0,3.62,1.62,2.0,1.75,3.75,1.5,2.25,3.62,1.0,1.0,3.12,3.88,4.0,3.12,3.12,1.5,3.88,1.12,3.62,0.08,2
3.0,3.12,3.38,2.75,3.5,4.25,3.25,2.62,2.25,3.12,2.75,1.88,2.12,2.25,2.62,3.12,2.0,3.75,1.62,3.38,2.38,1.62,3.38,3.0,4.25,2.0,2.5,2.75,3.12,3.0,2.88,1.88,3.0,4.0,2.88,0.75,1
3.0,3.0,2.25,3.0,3.0,1.5,1.5,1.0,2.0,3.0,2.25,1.75,2.0,2.0,2.25,3.25,2.12,2.25,2.0,2.88,2.0,1.0,2.88,2.88,1.12,1.75,2.5,2.75,3.0,2.0,2.0,1.75,3.0,2.12,2.25,0.89,1
3.88,4.0,3.25,3.75,3.88,1.0,1.12,1.0,4.38,3.88,4.12,2.25,2.25,3.12,2.38,3.88,3.12,1.12,3.12,2.0,3.12,1.5,1.88,3.88,1.0,1.62,3.62,4.0,4.38,3.12,3.38,1.88,3.62,1.0,3.88,0.01,2
3.0,3.75,3.12,3.62,3.5,1.0,1.12,1.0,2.75,3.12,2.75,3.0,2.88,3.12,3.0,3.12,3.5,1.5,2.12,1.75,3.25,1.5,2.0,3.88,1.0,1.38,3.0,3.25,4.0,2.12,2.12,1.25,3.0,1.62,3.62,0.81,2
3.75,3.88,3.88,3.12,4.0,2.12,2.5,1.88,3.0,3.62,2.88,1.75,1.88,2.62,3.25,3.12,2.25,1.75,3.38,3.0,2.62,2.5,2.88,4.0,2.12,2.88,2.62,2.75,3.88,3.38,3.38,2.62,3.12,2.62,3.88,0.22,0
2.5,3.5,2.62,3.12,2.88,1.0,1.0,1.0,2.12,2.75,2.0,1.62,1.75,1.88,2.12,3.0,2.12,1.38,1.0,2.0,2.75,1.12,2.25,2.75,1.0,1.0,3.88,3.38,3.5,2.0,2.0,1.0,2.75,1.75,2.12,0.94,3
2.25,3.25,2.12,3.0,2.88,1.0,1.0,1.0,2.38,2.75,2.25,1.0,1.25,2.0,2.0,3.0,2.12,1.12,1.75,1.75,2.62,1.0,1.25,3.0,1.0,1.0,3.12,3.25,3.88,1.62,1.88,1.62,3.0,1.0,2.25,0.91,3
3.75,4.5,4.12,3.5,4.5,1.0,1.0,1.0,3.12,4.12,3.12,2.0,2.0,2.88,2.0,3.38,4.0,1.0,2.38,1.38,4.0,1.5,1.0,4.5,1.0,1.5,3.12,3.75,4.62,3.38,3.0,1.5,3.62,1.0,4.25,0.04,2
2.75,2.88,2.75,2.75,3.0,1.88,2.12,1.12,2.25,3.0,2.25,1.38,1.62,2.12,2.38,3.12,1.75,2.88,2.88,3.12,2.12,1.0,2.88,3.0,1.75,1.62,2.38,2.75,3.0,2.12,2.0,1.75,3.0,2.12,2.62,0.96,1
3.75,4.38,4.0,3.88,4.12,1.25,1.25,1.0,3.12,4.12,3.12,1.75,1.75,2.88,2.88,4.0,2.62,2.5,2.75,3.25,2.88,1.75,2.75,3.75,1.12,1.75,3.12,3.38,4.25,3.25,3.12,1.75,3.5,2.0,3.12,0.11,2
3.62,4.0,3.88,3.62,4.12,1.0,1.0,1.0,3.38,3.88,3.38,1.75,1.62,3.5,3.62,3.88,2.88,1.25,2.88,1.75,2.88,1.62,2.0,4.12,1.0,1.25,3.0,3.62,4.0,3.62,3.62,1.38,3.5,1.0,4.0,0.17,2
3.12,3.88,3.75,3.25,3.88,1.12,1.0,1.0,3.0,3.5,3.0,2.0,2.0,3.0,2.75,3.88,2.75,4.0,1.38,4.0,2.88,2.0,3.25,4.0,1.38,2.75,2.88,3.0,3.25,3.12,2.88,1.38,3.38,3.0,3.5,0.95,0
3.25,4.0,3.75,3.25,3.88,1.0,1.0,1.0,3.0,3.25,2.88,2.0,2.0,2.88,2.0,3.38,3.12,2.5,1.88,2.75,3.0,1.62,2.0,3.12,1.0,1.12,3.12,3.38,4.0,3.0,2.38,1.5,3.0,1.88,3.25,0.57,2
3.75,4.88,4.0,3.5,3.88,1.0,1.0,1.0,3.5,4.0,3.12,1.38,1.25,3.0,1.88,3.62,3.62,1.12,2.75,1.5,3.62,1.25,1.25,4.0,1.0,2.5,4.0,4.38,4.25,3.12,3.25,1.5,3.12,1.0,4.0,0.01,2
3.62,3.88,3.38,3.38,3.88,2.25,2.38,1.0,3.25,3.38,3.12,1.88,2.0,2.88,2.75,3.88,2.88,2.88,2.12,3.0,2.88,1.5,3.0,3.62,2.25,3.0,3.62,3.62,3.75,2.88,2.88,2.12,3.12,2.38,3.12,0.07,0
3.62,3.88,3.75,3.12,4.0,2.12,1.88,2.0,3.0,3.5,3.0,1.75,2.0,2.75,3.75,3.5,2.88,1.88,2.38,2.62,3.0,2.12,2.75,3.88,1.88,3.88,2.88,3.0,3.75,3.38,3.0,1.62,2.88,2.0,3.62,0.01,0
3.25,3.88,3.0,3.88,3.38,1.0,1.0,1.0,4.0,3.25,3.62,1.62,1.75,3.12,1.62,3.75,3.0,1.0,2.75,1.5,3.0,1.12,1.25,3.5,1.0,1.12,3.25,3.62,3.88,2.62,2.75,1.62,3.38,1.0,3.0,0.0,2
2.88,3.88,2.88,2.88,3.12,1.0,1.0,1.0,2.38,2.88,2.12,1.5,1.5,2.12,2.62,3.0,3.0,1.0,1.12,1.88,3.38,1.25,1.62,3.12,1.0,1.0,3.0,3.38,3.88,2.25,2.0,1.0,3.0,1.5,3.25,0.95,3
2.75,3.0,2.88,3.0,3.0,3.75,2.75,2.88,2.25,3.0,2.12,1.75,1.88,2.12,2.0,2.75,2.12,3.62,1.88,3.75,2.12,1.75,3.12,3.0,3.75,1.75,2.12,2.62,2.88,2.12,2.0,1.88,3.0,3.75,2.38,0.86,1
2.25,3.38,2.25,2.88,2.75,1.12,1.0,1.0,2.62,2.5,2.0,1.5,1.25,2.12,2.75,3.0,2.38,1.25,1.0,1.62,2.62,1.0,1.62,3.0,1.0,1.0,3.12,3.12,3.38,1.5,1.62,1.12,2.5,1.38,2.25,0.96,3
2.88,3.5,2.88,2.88,3.38,1.5,1.5,1.0,2.25,3.12,2.12,2.0,1.5,2.38,2.62,2.5,2.88,2.0,1.88,2.38,2.88,1.25,2.38,3.5,1.62,1.12,3.0,3.0,3.75,2.38,2.38,1.38,3.25,2.12,3.75,0.98,3
2.88,3.12,3.0,3.0,3.38,3.12,2.88,2.38,2.25,3.12,2.5,1.88,1.75,2.0,2.12,3.12,2.12,3.0,1.62,3.12,2.0,1.62,3.12,3.0,3.25,1.75,2.5,2.88,3.12,2.25,2.12,1.88,2.75,3.12,3.0,0.63,1
2.25,3.25,2.88,3.0,3.0,1.25,1.0,1.0,2.75,2.75,2.5,1.88,2.0,2.25,2.12,2.88,2.0,1.0,1.12,1.75,2.12,1.5,2.0,3.25,1.25,1.0,3.38,2.88,3.0,2.0,2.0,1.38,2.88,1.25,3.0,0.95,3
2.12,3.12,2.62,2.5,3.0,2.25,1.75,1.0,2.25,2.62,2.0,1.5,1.62,2.0,2.25,3.12,1.88,3.12,1.62,2.75,2.0,1.0,2.12,3.12,2.0,1.12,2.75,2.75,3.12,2.12,2.12,1.25,3.0,2.0,2.75,0.69,1
2.88,3.12,3.0,3.0,3.12,2.88,2.75,1.0,2.62,3.0,2.5,1.88,2.0,2.75,2.5,3.25,2.5,3.62,1.25,3.88,2.75,1.0,3.0,2.88,3.12,1.88,2.88,2.88,3.0,2.12,2.12,1.88,3.0,3.12,2.75,0.83,1
2.38,3.0,2.62,3.0,2.75,1.5,1.62,1.12,2.12,3.0,2.0,1.75,1.75,2.0,2.0,3.12,2.0,1.62,1.0,1.88,1.88,1.25,2.0,3.0,1.25,1.5,3.0,2.75,2.88,2.12,2.12,1.62,2.5,1.88,2.75,0.82,3
2.38,3.0,2.88,3.0,3.0,1.75,1.5,1.0,2.75,3.0,2.5,1.0,1.12,2.25,2.0,3.25,2.5,3.0,1.12,3.0,2.62,1.12,2.5,2.88,1.62,1.12,2.88,2.62,3.0,1.75,2.0,1.12,2.88,2.38,2.88,0.97,3
3.12,4.0,3.0,3.0,3.62,1.0,1.0,1.0,3.0,3.12,3.0,1.25,1.25,2.75,2.0,3.62,2.38,1.0,1.62,2.0,2.88,1.12,2.0,3.88,1.0,1.12,3.12,3.12,4.12,2.12,2.12,1.88,3.0,1.25,3.75,0.38,3
2.62,2.88,2.75,2.75,2.88,2.12,3.0,3.12,2.38,2.75,2.38,1.38,1.75,2.0,2.0,2.88,2.38,2.75,1.75,2.75,2.38,1.12,2.75,2.5,2.38,1.5,2.88,2.88,3.0,2.12,2.0,1.62,2.88,2.25,2.38,0.55,1
2.41,2.97,2.66,2.59,2.9,2.03,2.16,1.06,2.09,2.69,2.18,1.68,2.0,2.25,2.25,2.97,2.03,3.0,1.84,3.0,2.09,1.25,2.85,2.88,1.94,1.41,2.22,2.69,2.82,2.12,2.06,1.68,2.66,2.22,2.47,0.9,1
3.0,3.38,3.0,3.12,3.12,3.0,2.38,1.0,3.0,3.0,3.0,2.0,3.0,2.88,2.62,3.75,2.62,3.0,2.0,3.25,2.62,1.12,2.88,3.0,2.5,2.25,3.0,3.0,3.12,2.5,2.88,1.88,3.12,2.75,2.88,0.34,0
3.25,3.88,3.0,3.5,3.62,1.5,1.62,1.0,3.12,3.0,3.12,2.0,2.12,2.38,2.62,3.5,2.5,2.12,1.62,2.5,2.75,1.5,2.12,3.75,1.5,2.62,3.5,4.0,3.88,2.38,2.38,1.5,3.0,1.75,3.38,0.3,2
2.38,3.0,2.75,3.0,2.88,2.88,2.0,1.0,2.62,2.75,2.12,1.25,1.25,2.25,2.12,3.12,2.25,3.0,1.0,3.25,2.25,1.12,2.88,2.88,2.38,1.0,2.38,2.88,2.75,2.12,2.12,1.38,2.88,2.75,2.62,0.98,1
3.25,3.75,3.12,3.12,3.62,1.0,1.12,1.0,3.0,3.25,2.88,1.62,1.75,2.62,2.62,3.75,2.88,2.5,1.75,3.25,2.88,1.5,4.12,3.75,1.0,2.75,2.88,2.75,3.5,3.12,3.12,1.75,2.88,2.0,3.12,0.94,0
3.0,3.12,3.0,3.0,3.12,3.0,2.62,2.38,2.75,3.0,2.88,1.75,1.88,2.75,2.38,3.5,2.0,4.0,1.75,4.0,1.88,1.62,3.62,3.0,3.0,1.38,2.38,2.88,3.25,2.75,2.75,1.75,3.0,3.0,2.62,0.83,1
3.38,3.88,3.75,3.88,3.75,1.0,1.0,1.0,4.12,3.62,4.12,1.75,1.88,2.88,2.62,3.88,3.0,1.0,1.88,1.88,3.0,1.5,1.62,4.0,1.0,1.88,3.88,3.88,4.0,3.0,3.0,1.75,3.75,1.0,3.88,0.01,2
2.75,3.0,2.88,3.0,3.12,1.62,1.62,1.0,2.12,2.88,2.12,1.25,1.5,2.12,2.75,2.88,2.0,3.0,1.88,3.25,2.0,1.12,2.75,3.12,1.5,2.0,2.12,2.75,3.0,2.0,2.0,1.5,2.75,2.12,2.88,0.7,1
3.0,3.88,3.0,3.5,3.5,1.0,1.0,1.0,3.25,3.12,3.0,2.5,2.62,3.25,2.75,3.5,3.25,1.5,2.5,1.88,3.25,1.75,2.12,3.0,1.0,1.0,3.75,3.5,3.75,3.0,3.0,1.88,3.12,1.38,3.0,0.28,2
2.62,2.88,2.75,3.12,3.0,1.75,2.25,1.38,2.5,2.88,2.38,1.5,2.0,2.5,3.0,3.12,2.25,2.5,2.0,2.62,2.38,1.0,3.0,2.62,1.88,1.0,2.62,2.88,2.88,2.0,2.12,1.62,3.0,2.12,2.0,0.87,1
3.38,4.0,3.62,3.12,4.0,1.62,2.0,1.0,2.75,3.25,3.0,1.38,1.5,2.62,2.75,3.25,2.38,2.62,1.62,2.75,2.75,1.5,2.5,4.0,1.5,3.25,3.0,3.25,4.0,3.0,3.0,1.38,3.0,2.0,4.0,0.01,0
3.0,3.5,3.0,3.0,3.12,1.0,1.88,1.0,2.88,2.88,2.75,1.5,1.75,2.0,2.0,3.25,2.62,2.0,2.0,2.12,2.75,1.25,2.12,3.12,1.0,1.38,3.62,3.12,3.75,2.38,2.25,1.38,3.0,1.5,2.88,0.29,3
2.75,3.0,2.25,2.75,2.5,1.0,1.5,1.0,2.12,2.38,2.12,1.38,1.5,2.0,1.88,2.62,2.5,1.12,1.5,1.5,2.62,1.0,1.75,2.75,1.0,1.0,3.0,3.0,3.0,2.0,2.0,1.75,2.75,1.38,2.12,0.95,3
3.88,4.12,3.88,3.25,4.12,1.0,1.5,1.0,3.88,3.75,4.0,1.0,1.12,2.38,2.0,3.88,2.88,1.62,3.0,2.12,2.88,1.62,2.25,4.12,1.0,2.88,3.75,4.12,4.0,3.12,3.12,1.88,3.25,1.62,4.0,0.01,2
3.25,4.0,3.5,3.75,3.75,1.0,1.0,1.0,3.38,3.75,3.0,3.25,3.25,4.0,3.12,3.88,3.88,1.0,2.62,2.0,3.62,1.88,2.12,3.88,1.0,1.0,3.5,3.88,4.0,3.5,3.12,1.88,3.88,2.0,3.88,0.03,2
3.12,3.75,3.32,2.94,3.82,1.25,1.5,1.25,2.94,3.5,3.0,1.62,1.88,2.69,3.19,3.19,2.94,2.25,2.44,2.88,3.06,1.56,2.94,3.94,1.12,2.62,2.81,2.94,3.82,3.06,3.18,1.88,3.12,2.06,3.37,0.63,0
3.0,3.75,3.0,3.62,3.75,1.88,1.0,1.0,3.0,3.25,2.88,1.62,1.75,2.88,2.12,3.25,2.88,1.75,2.0,2.38,3.0,1.0,2.0,3.12,1.0,1.75,2.88,3.12,3.88,2.12,2.38,1.88,3.0,1.88,2.75,0.28,3
3.38,4.0,3.75,3.12,3.88,1.0,1.0,1.0,3.0,3.62,2.25,1.62,1.62,2.25,1.88,3.75,3.12,2.12,1.75,2.25,3.12,1.62,2.0,3.88,1.0,1.75,3.0,4.0,4.0,2.88,2.75,1.5,3.38,1.62,3.75,0.25,2
3.56,3.82,3.81,3.06,4.0,1.0,1.5,1.0,3.25,3.81,3.18,2.25,2.32,2.87,3.0,3.25,3.0,2.0,2.75,2.75,3.06,1.75,3.0,4.0,1.0,3.06,3.06,3.12,3.81,3.75,3.69,2.44,3.25,2.38,3.82,0.03,2
2.88,4.0,3.12,3.0,3.25,1.0,1.0,1.0,2.88,2.62,2.88,1.5,1.5,2.88,2.25,3.0,3.0,1.0,1.88,2.0,3.0,1.88,1.12,3.5,1.0,1.0,3.25,3.38,3.88,2.25,2.12,1.25,3.25,1.0,3.25,0.94,3
3.75,4.25,3.5,3.0,4.25,1.0,1.0,1.0,2.62,3.25,3.0,1.0,1.25,1.75,1.88,3.0,2.75,1.0,1.25,1.25,2.75,1.5,1.75,4.5,1.0,1.0,2.62,3.0,4.0,2.38,2.38,1.62,3.25,1.0,4.12,0.41,3
